/*
drop Table Prices;
drop table Inventory;
drop table Items;
drop table Stores;
*/

/*
CREATE TABLE Stores(
store_id INTEGER AUTO_INCREMENT not NULL,
name CHAR(50) not NULL,
address char(50) default NULL,
PRIMARY KEY(store_id));

CREATE TABLE Items(
item_id INTEGER AUTO_INCREMENT,
name CHAR(50) not NULL,
description CHAR(100) default NULL,
barcode CHAR(32) default NULL,
PRIMARY KEY(item_id));

CREATE TABLE Prices(
price_id INTEGER ,
time DATETIME not NULL,
price REAL not NULL,
item_id INTEGER not NULL,
store_id INTEGER not NULL,
FOREIGN KEY(item_id) REFERENCES Items(item_id),
FOREIGN KEY(store_id) REFERENCES Stores(store_id),
PRIMARY KEY(price_id));

CREATE TABLE Inventory(
store_id INTEGER not NULL,
item_id INTEGER not NULL,
FOREIGN KEY(store_id) REFERENCES Stores(store_id),
FOREIGN KEY(item_id) REFERENCES Items(item_id),
PRIMARY KEY(store_id, item_id));
*/

insert into Stores value(111,"West Side Market","276 W. 4th St.","New York","NY",-74.003552,40.7358808);
insert into Stores value(112,"Pheobes","55 E 5 St.","New York","NY",-73.9907253,40.72762);
insert into Stores value(113,"Kmart","201 Astore Pl.","New York","NY",-73.9900823,40.7295681);
insert into Stores value(114,"Walgreens","32 Astor Place","New York","NY",-73.9915756,40.7298852);
insert into Stores value(115,"Boston Market","240 E. Houston St.","New York","NY",-73.9958775,40.7252985);
insert into Stores value(116,"Independent Super & Co.","176 8th St.","New York","NY",-73.9926901,40.7306163);
insert into Stores value(117,"Frankies Kitchen","41 Cooper Sq.","New York","NY",-73.9902272,40.728544);
insert into Stores value(118,"Moishes Bakery","110 E4th St.","New York","NY",-73.9883729,40.7256568);
insert into Stores value(119,"B&H","22 E 5th St.","New York","NY",-73.9797155,40.7228841);
insert into Stores value(120,"Whole Foods ","22 1st Ave","New York","NY",-73.9879038,40.7235607);
insert into Stores value(121,"Rite Aid","11 W. 6th St.","New York","NY",-73.9942992,40.6752626);
insert into Stores value(122,"Bodega on the Corner","79 E 11th St.","New York","NY",-73.9919769,40.7328325);

insert into Items value(300,"Coke","Coke  description",45269,116);
insert into Items value(301,"Pepsi","Pepsi  description",15597,111);
insert into Items value(302,"Dr. Pepper","Dr. Pepper  description",68914,114);
insert into Items value(303,"Lemonade","Lemonade  description",21823,112);
insert into Items value(304,"Poland Spring Water","Poland Spring Water  description",99194,120);
insert into Items value(305,"Paper Plates","Paper Plates  description",78449,118);
insert into Items value(306,"Cups","Cups  description",38797,112);
insert into Items value(307,"Forks","Forks  description",30782,122);
insert into Items value(308,"Hershey Bar","Hershey Bar  description",74422,114);
insert into Items value(309,"Chicken","Chicken  description",57681,116);
insert into Items value(310,"Beef","Beef  description",13226,117);
insert into Items value(311,"Croutons","Croutons  description",33895,118);
insert into Items value(312,"White Bread","White Bread  description",12811,120);
insert into Items value(313,"Pumpernickel Bread","Pumpernickel Bread  description",72961,114);
insert into Items value(314,"Rye Bread","Rye Bread  description",52801,122);
insert into Items value(315,"Milk","Milk  description",26235,122);
insert into Items value(316,"Pita","Pita  description",30886,118);
insert into Items value(317,"Seeded Rye Bread","Seeded Rye Bread  description",12822,116);
insert into Items value(318,"Rice","Rice  description",28022,114);
insert into Items value(319,"Yellow Rice","Yellow Rice  description",33154,111);
insert into Items value(320,"Brown Rice","Brown Rice  description",74475,116);
insert into Items value(321,"Fettucini","Fettucini  description",78858,112);
insert into Items value(322,"Ziti","Ziti  description",99250,114);
insert into Items value(323,"Penne","Penne  description",56706,116);
insert into Items value(324,"Lasagna Noodles","Lasagna Noodles  description",40158,114);
insert into Items value(325,"Pork","Pork  description",27937,112);
insert into Items value(326,"Paper Towels","Paper Towels  description",34964,113);
insert into Items value(327,"Aluminum Foil","Aluminum Foil  description",98934,113);
insert into Items value(328,"Aluminum Pans","Aluminum Pans  description",48052,121);
insert into Items value(329,"Candles (72 Count)","Candles (72 Count)  description",97554,122);
insert into Items value(330,"Candles (36 Count)","Candles (36 Count)  description",72828,122);
insert into Items value(331,"Potatoe Chips","Potatoe Chips  description",21275,116);
insert into Items value(332,"BBQ Potato Chips","BBQ Potato Chips  description",71276,114);
insert into Items value(333,"Ketchup Chips","Ketchup Chips  description",27805,111);
insert into Items value(334,"Tortilla Chips","Tortilla Chips  description",78547,115);
insert into Items value(335,"Oreos","Oreos  description",23509,116);
insert into Items value(336,"Duble Stuf Oreos","Duble Stuf Oreos  description",48869,117);
insert into Items value(337,"Knockoff Oreros","Knockoff Oreros  description",53599,122);
insert into Items value(338,"Cheeze Its","Cheeze Its  description",36115,115);
insert into Items value(339,"Pringles","Pringles  description",71375,115);
insert into Items value(340,"Cheddar Pringles","Cheddar Pringles  description",81075,113);
insert into Items value(341,"Sour Cream & Onion Pringles ","Sour Cream & Onion Pringles   description",29956,119);
insert into Items value(342,"Spicy chips","Spicy chips  description",55435,113);
insert into Items value(343,"Spicy Pringles","Spicy Pringles  description",49131,117);
insert into Items value(344,"Apple - FiJI","Apple - FiJI  description",65065,121);
insert into Items value(345,"Acai berry","Acai berry  description",28367,120);
insert into Items value(346,"Adzuki bean","Adzuki bean  description",83044,113);
insert into Items value(347,"Almonds","Almonds  description",37730,121);
insert into Items value(348,"Anchovy","Anchovy  description",36014,117);
insert into Items value(349,"Apple- red delicious","Apple- red delicious  description",61213,117);
insert into Items value(350,"Apple - fuji","Apple - fuji  description",67863,114);
insert into Items value(351,"Apple -  ida red","Apple -  ida red  description",86400,117);
insert into Items value(352,"Apple -  granny smith","Apple -  granny smith  description",76371,119);
insert into Items value(353,"Apple -  pink lady","Apple -  pink lady  description",48979,117);
insert into Items value(354,"Apple -  macintosh","Apple -  macintosh  description",43473,116);
insert into Items value(355,"Apple -  golden delicious","Apple -  golden delicious  description",87941,121);
insert into Items value(356,"Apple -  honey crisp","Apple -  honey crisp  description",63877,117);
insert into Items value(357,"Apple -  gala","Apple -  gala  description",85389,117);
insert into Items value(358,"Apple -  jonagold","Apple -  jonagold  description",81893,113);
insert into Items value(359,"Apple -  ruby frost","Apple -  ruby frost  description",54411,120);
insert into Items value(360,"Apple -  honey gold","Apple -  honey gold  description",25585,118);
insert into Items value(361,"Apple -  wolf river","Apple -  wolf river  description",24550,119);
insert into Items value(362,"Apple -  prarie spy","Apple -  prarie spy  description",98049,118);
insert into Items value(363,"Apple -  northern spy","Apple -  northern spy  description",71422,113);
insert into Items value(364,"Apple -  honey sweet","Apple -  honey sweet  description",65571,117);
insert into Items value(365,"Apricot","Apricot  description",95299,120);
insert into Items value(366,"Artichoke- green globe","Artichoke- green globe  description",74850,112);
insert into Items value(367,"Arugula","Arugula  description",68813,116);
insert into Items value(368,"Asian pear- new century","Asian pear- new century  description",16075,114);
insert into Items value(369,"Asian pear- hosui","Asian pear- hosui  description",41346,121);
insert into Items value(370,"Asparagus – Jersey Knight","Asparagus – Jersey Knight  description",14748,114);
insert into Items value(371,"Asparagus – Martha Washington","Asparagus – Martha Washington  description",80415,117);
insert into Items value(372,"Asparagus – purple passion","Asparagus – purple passion  description",99488,118);
insert into Items value(373,"Autumn olive","Autumn olive  description",41601,119);
insert into Items value(374,"Avocado- Haas, fuerte","Avocado- Haas, fuerte  description",96619,112);
insert into Items value(375,"Banana- red ecuador","Banana- red ecuador  description",27869,113);
insert into Items value(376,"Banana- standard yellow cavendish","Banana- standard yellow cavendish  description",84263,113);
insert into Items value(377,"Basil- Genovese","Basil- Genovese  description",59574,113);
insert into Items value(378,"Basil- lettuce leaf","Basil- lettuce leaf  description",26204,112);
insert into Items value(379,"Basil- purple ruffles","Basil- purple ruffles  description",84169,112);
insert into Items value(380,"Basil- lemon","Basil- lemon  description",94704,119);
insert into Items value(381,"Basil- thai sweet","Basil- thai sweet  description",65928,120);
insert into Items value(382,"Basil- opal","Basil- opal  description",78500,115);
insert into Items value(383,"Basswood- leaves","Basswood- leaves  description",43250,115);
insert into Items value(384,"Bean- green bean,","Bean- green bean,  description",42923,112);
insert into Items value(385,"Bean- white bean","Bean- white bean  description",82392,122);
insert into Items value(386,"Bean- pinto bean","Bean- pinto bean  description",11494,111);
insert into Items value(387,"Bean- black bean,","Bean- black bean,  description",84220,115);
insert into Items value(388,"Bean- kidney bean,","Bean- kidney bean,  description",51491,121);
insert into Items value(389,"Bean- red bean,","Bean- red bean,  description",45201,113);
insert into Items value(390,"Bean- navy bean,","Bean- navy bean,  description",48617,118);
insert into Items value(391,"Bean- top crop,","Bean- top crop,  description",79978,118);
insert into Items value(392,"Bean- cantare, ","Bean- cantare,   description",55733,121);
insert into Items value(393,"Bean- royal burgundy,","Bean- royal burgundy,  description",99707,122);
insert into Items value(394,"Bean- galopka, ","Bean- galopka,   description",11872,118);
insert into Items value(395,"Bean- blauhilde, ","Bean- blauhilde,   description",46596,118);
insert into Items value(396,"Bean- tendergreen, ","Bean- tendergreen,   description",41080,114);
insert into Items value(397,"Bean- blue lake pole stringless","Bean- blue lake pole stringless  description",72954,122);
insert into Items value(398,"Bee balm","Bee balm  description",83610,119);
insert into Items value(399,"Beef","Beef  description",14841,115);
insert into Items value(400,"Beets- yellow","Beets- yellow  description",83660,121);
insert into Items value(401,"Beets-, detroit red","Beets-, detroit red  description",82293,122);
insert into Items value(402,"Beets-, bulls blood,","Beets-, bulls blood,  description",47966,121);
insert into Items value(403,"Beets- chioggia,","Beets- chioggia,  description",85053,116);
insert into Items value(404,"Beets- Lutz green leaf,","Beets- Lutz green leaf,  description",64510,115);
insert into Items value(405,"Beets- early wonder,","Beets- early wonder,  description",70340,114);
insert into Items value(406,"Beets- golden detroit, ","Beets- golden detroit,   description",40897,122);
insert into Items value(407,"detroit dark red","detroit dark red  description",73410,115);
insert into Items value(408,"Bilberry","Bilberry  description",80733,119);
insert into Items value(409,"Bitter melon","Bitter melon  description",38991,113);
insert into Items value(410,"Blackberry","Blackberry  description",44334,111);
insert into Items value(411,"Black walnut","Black walnut  description",41998,119);
insert into Items value(412,"Blueberry- Northland","Blueberry- Northland  description",20655,119);
insert into Items value(413,"Blueberry-, Atlanta,","Blueberry-, Atlanta,  description",30994,113);
insert into Items value(414,"Blueberry- Bluetta,","Blueberry- Bluetta,  description",75144,114);
insert into Items value(415,"Blueberry- blue crop,","Blueberry- blue crop,  description",39181,115);
insert into Items value(416,"Blueberry- herbert,","Blueberry- herbert,  description",88213,118);
insert into Items value(417,"Blueberry- blue ray,","Blueberry- blue ray,  description",19334,122);
insert into Items value(418,"Blueberry- jersey,","Blueberry- jersey,  description",17018,115);
insert into Items value(419,"Blueberry- elliot","Blueberry- elliot  description",18473,122);
insert into Items value(420,"Bok choy","Bok choy  description",92565,115);
insert into Items value(421,"Bonefish","Bonefish  description",87826,117);
insert into Items value(422,"Boniato","Boniato  description",77372,114);
insert into Items value(423,"Brazil nut","Brazil nut  description",62794,122);
insert into Items value(424,"Broccoli- waltham,","Broccoli- waltham,  description",64553,116);
insert into Items value(425,"Broccoli- purple sprouting,","Broccoli- purple sprouting,  description",50958,111);
insert into Items value(426,"Broccoli- goliath","Broccoli- goliath  description",46047,114);
insert into Items value(427,"Brussels sprouts","Brussels sprouts  description",23078,121);
insert into Items value(428,"Buckwheat","Buckwheat  description",31843,116);
insert into Items value(429,"Burdock- gobo","Burdock- gobo  description",35417,113);
insert into Items value(430,"Burdock-, takinogawa","Burdock-, takinogawa  description",55934,111);
insert into Items value(431,"Butternut","Butternut  description",89084,115);
insert into Items value(432,"Butternut squash- waltham,","Butternut squash- waltham,  description",29582,117);
insert into Items value(433,"Butternut squash- rogosa violina gioia","Butternut squash- rogosa violina gioia  description",86457,112);
insert into Items value(434,"Cabbage- red,","Cabbage- red,  description",41530,121);
insert into Items value(435,"Cabbage-  danish ballhead,","Cabbage-  danish ballhead,  description",28500,111);
insert into Items value(436,"Cabbage-  greyhound, ","Cabbage-  greyhound,   description",69228,114);
insert into Items value(437,"Cabbage- kalibos,","Cabbage- kalibos,  description",68956,113);
insert into Items value(438,"Cabbage-  early jersey wakefield","Cabbage-  early jersey wakefield  description",50189,119);
insert into Items value(439,"Cabbage- , glory of enkhuizen, ","Cabbage- , glory of enkhuizen,   description",88571,117);
insert into Items value(440,"Cabbage- brunswick","Cabbage- brunswick  description",31763,118);
insert into Items value(441,"Calabash gourd","Calabash gourd  description",54674,120);
insert into Items value(442,"Canola","Canola  description",12083,119);
insert into Items value(443,"Cantaloupe","Cantaloupe  description",23954,113);
insert into Items value(444,"Cardamom- black","Cardamom- black  description",60022,111);
insert into Items value(445,"Carob","Carob  description",27044,116);
insert into Items value(446,"Carrots- orange,","Carrots- orange,  description",53128,118);
insert into Items value(447,"Carrots-  purple,","Carrots-  purple,  description",71414,115);
insert into Items value(448,"Carrots-  yellow,","Carrots-  yellow,  description",43382,117);
insert into Items value(449,"Carrots-  white,","Carrots-  white,  description",20467,115);
insert into Items value(450,"Carrots-  cosmic purple,","Carrots-  cosmic purple,  description",13160,117);
insert into Items value(451,"Carrots-  danvers half long,","Carrots-  danvers half long,  description",94839,112);
insert into Items value(452,"Carrots-  purple dragon","Carrots-  purple dragon  description",49881,119);
insert into Items value(453,"Cashew","Cashew  description",65722,118);
insert into Items value(454,"Cattail roots and shoots","Cattail roots and shoots  description",11664,112);
insert into Items value(455,"Cauliflower","Cauliflower  description",39399,114);
insert into Items value(456,"Cayenne pepper","Cayenne pepper  description",87298,112);
insert into Items value(457,"Celeriac- diamant,","Celeriac- diamant,  description",20031,117);
insert into Items value(458,"Celeriac- giant praque","Celeriac- giant praque  description",15949,115);
insert into Items value(459,"Celery- utah tall,","Celery- utah tall,  description",72582,115);
insert into Items value(460,"Celery- tendercrisp","Celery- tendercrisp  description",44678,117);
insert into Items value(461,"Jerusalem artichoke","Jerusalem artichoke  description",17364,122);
insert into Items value(462,"Jicama","Jicama  description",37540,111);
insert into Items value(463,"Kale- red,","Kale- red,  description",95410,112);
insert into Items value(464,"Kale-  lacinato, ","Kale-  lacinato,   description",74078,115);
insert into Items value(465,"Kale- green,","Kale- green,  description",56546,111);
insert into Items value(466,"Kale-  jagallo,","Kale-  jagallo,  description",64199,121);
insert into Items value(467,"Kale-  scarlet,","Kale-  scarlet,  description",49729,115);
insert into Items value(468,"Kale-  dwarf siberian,","Kale-  dwarf siberian,  description",64686,117);
insert into Items value(469,"Kale-  black magic","Kale-  black magic  description",62482,120);
insert into Items value(470,"Kelp","Kelp  description",29769,118);
insert into Items value(471,"Kiwano melon","Kiwano melon  description",81976,120);
insert into Items value(472,"Kiwi","Kiwi  description",28634,113);
insert into Items value(473,"Kohlrabi- green,","Kohlrabi- green,  description",62907,117);
insert into Items value(474,"Kohlrabi- purple","Kohlrabi- purple  description",16041,120);
insert into Items value(475,"Kombucha","Kombucha  description",12455,119);
insert into Items value(476,"Lambsquarters","Lambsquarters  description",85880,121);
insert into Items value(477,"Lavender- white english,","Lavender- white english,  description",39217,113);
insert into Items value(478,"Lavender- purple english,","Lavender- purple english,  description",11571,116);
insert into Items value(479,"Lavender- lady","Lavender- lady  description",36826,121);
insert into Items value(480,"Leeks- carentan, giant musselburgh, paris","Leeks- carentan, giant musselburgh, paris  description",86633,119);
insert into Items value(481,"Lemon- Meyer","Lemon- Meyer  description",88569,120);
insert into Items value(482,"Lemon balm","Lemon balm  description",80946,117);
insert into Items value(483,"Lemon grass","Lemon grass  description",14671,120);
insert into Items value(484,"Lemon verbena","Lemon verbena  description",88752,112);
insert into Items value(485,"Lentils- red split lentils,","Lentils- red split lentils,  description",11535,119);
insert into Items value(486,"Lentils- black beluga lentils","Lentils- black beluga lentils  description",11582,111);
insert into Items value(487,"Lettuce- butter,","Lettuce- butter,  description",15405,122);
insert into Items value(488,"Lettuce- green leaf,","Lettuce- green leaf,  description",42080,115);
insert into Items value(489,"Lettuce- oak leaf,","Lettuce- oak leaf,  description",90514,114);
insert into Items value(490,"Lettuce- red leaf, ","Lettuce- red leaf,   description",39999,116);
insert into Items value(491,"Lettuce-romaine,","Lettuce-romaine,  description",58234,114);
insert into Items value(492,"Lettuce- red sails,","Lettuce- red sails,  description",81059,118);
insert into Items value(493,"Lettuce- iceberg,","Lettuce- iceberg,  description",49241,111);
insert into Items value(494,"Lettuce- black seeded simpson,","Lettuce- black seeded simpson,  description",35079,111);
insert into Items value(495,"Lettuce- little gem, rouge dhiver,","Lettuce- little gem, rouge dhiver,  description",78265,119);
insert into Items value(496,"Lettuce- green ice,","Lettuce- green ice,  description",24668,111);
insert into Items value(497,"Lettuce- bronze beauty,","Lettuce- bronze beauty,  description",50916,112);
insert into Items value(498,"Lettuce- paris island cos,","Lettuce- paris island cos,  description",93264,122);
insert into Items value(499,"Lettuce- gentilina,","Lettuce- gentilina,  description",46566,114);
insert into Items value(500,"Lettuce- red velvet","Lettuce- red velvet  description",73976,122);
insert into Items value(501,"Lettuce-, devils ear,","Lettuce-, devils ear,  description",67462,122);
insert into Items value(502,"Lettuce- baby oakleaf,","Lettuce- baby oakleaf,  description",73850,111);
insert into Items value(503,"Lettuce- red romaine,","Lettuce- red romaine,  description",30265,122);
insert into Items value(504,"Licorice root","Licorice root  description",94825,117);
insert into Items value(505,"Lilac- light purple","Lilac- light purple  description",68477,112);
insert into Items value(506,"Lime","Lime  description",99822,119);
insert into Items value(507,"Lions mane mushrooms","Lions mane mushrooms  description",84861,115);
insert into Items value(508,"Longan Berries","Longan Berries  description",15703,113);
insert into Items value(509,"Lotus","Lotus  description",45689,115);
insert into Items value(510,"Lychee","Lychee  description",32709,113);
insert into Items value(511,"Mache- dutch corn salad","Mache- dutch corn salad  description",46724,120);
insert into Items value(512,"Maitake mushrooms","Maitake mushrooms  description",98492,120);
insert into Items value(513,"Malabar spinach (moi toi)","Malabar spinach (moi toi)  description",37016,111);
insert into Items value(514,"Malanga- lila, eddoe, edo","Malanga- lila, eddoe, edo  description",73703,115);
insert into Items value(515,"Mandarin- satsuma,","Mandarin- satsuma,  description",98884,118);
insert into Items value(516,"Mandarin- california mandarins","Mandarin- california mandarins  description",30466,112);
insert into Items value(517,"Mango- atalufo,","Mango- atalufo,  description",87751,114);
insert into Items value(518,"Mango- kent,","Mango- kent,  description",69254,111);
insert into Items value(519,"Mango- tommy","Mango- tommy  description",77613,122);
insert into Items value(520,"Mangosteen","Mangosteen  description",49444,117);
insert into Items value(521,"Maple (syrup)","Maple (syrup)  description",57614,118);
insert into Items value(522,"Maradol papaya- caribbean","Maradol papaya- caribbean  description",29088,122);
insert into Items value(523,"Maradol papaya- red","Maradol papaya- red  description",58697,115);
insert into Items value(524,"Millet","Millet  description",92466,121);
insert into Items value(525,"Mint- orange mint,","Mint- orange mint,  description",19027,118);
insert into Items value(526,"Mizuna- purple streaks,","Mizuna- purple streaks,  description",45347,118);
insert into Items value(527,"Mizuna- green streaks,","Mizuna- green streaks,  description",67341,121);
insert into Items value(528,"Mizuna- red streaked","Mizuna- red streaked  description",43105,114);
insert into Items value(529,"Monarda","Monarda  description",33037,113);
insert into Items value(530,"Mo qua- winter melon","Mo qua- winter melon  description",49335,115);
insert into Items value(531,"Morel mushroom- blacks,","Morel mushroom- blacks,  description",84446,112);
insert into Items value(532,"Morel mushroom- whites","Morel mushroom- whites  description",19222,111);
insert into Items value(533,"Mustard- seed,","Mustard- seed,  description",29759,121);
insert into Items value(534,"Mustard- small wild mustard,","Mustard- small wild mustard,  description",49565,118);
insert into Items value(535,"Mustard- hoary alyssum mustard,","Mustard- hoary alyssum mustard,  description",69465,122);
insert into Items value(536,"Mustard- red giant","Mustard- red giant  description",83093,113);
insert into Items value(537,"Name yam","Name yam  description",96662,113);
insert into Items value(538,"Nasturtium","Nasturtium  description",17522,116);
insert into Items value(539,"Nira (garlic chives)","Nira (garlic chives)  description",79989,119);
insert into Items value(540,"Nectarine- white","Nectarine- white  description",55713,113);
insert into Items value(541,"Nettle","Nettle  description",13752,114);
insert into Items value(542,"Noni","Noni  description",62374,115);
insert into Items value(543,"Nori seaweed","Nori seaweed  description",39250,122);
insert into Items value(544,"Nutmeg","Nutmeg  description",85572,121);
insert into Items value(545,"Nutritional yeast","Nutritional yeast  description",83821,113);
insert into Items value(546,"Oats","Oats  description",24561,112);
insert into Items value(547,"Octopus","Octopus  description",26199,115);
insert into Items value(548,"Okra- burgundy,","Okra- burgundy,  description",67436,112);
insert into Items value(549,"Okra- burmese","Okra- burmese  description",67512,111);
insert into Items value(550,"Olive- black,","Olive- black,  description",50938,118);
insert into Items value(551,"Olive- kalamata","Olive- kalamata  description",78252,116);
insert into Items value(552,"Onion- green onion,","Onion- green onion,  description",31882,122);
insert into Items value(553,"Onion- yellow onion,","Onion- yellow onion,  description",24696,122);
insert into Items value(554,"Onion- red,","Onion- red,  description",96345,119);
insert into Items value(555,"Onion- borrettana,","Onion- borrettana,  description",15602,112);
insert into Items value(556,"Onion- red welsh,","Onion- red welsh,  description",54268,114);
insert into Items value(557,"Onion- tropeana lunga","Onion- tropeana lunga  description",94246,122);
insert into Items value(558,"Orange- navel,","Orange- navel,  description",51548,112);
insert into Items value(559,"Orange- valencia,","Orange- valencia,  description",43479,122);
insert into Items value(560,"Orange- blood,","Orange- blood,  description",42966,113);
insert into Items value(561,"Orange- cara cara","Orange- cara cara  description",56060,115);
insert into Items value(562,"Oregano","Oregano  description",42242,122);
insert into Items value(563,"Oyster mushroom- yellow","Oyster mushroom- yellow  description",31948,122);
insert into Items value(564,"Oyster mushroom-, blue","Oyster mushroom-, blue  description",56173,114);
insert into Items value(565,"Pak choy","Pak choy  description",39533,121);
insert into Items value(566,"Panax ginseng","Panax ginseng  description",68447,120);
insert into Items value(567,"Parsley- italian flat leaf,","Parsley- italian flat leaf,  description",36457,115);
insert into Items value(568,"Parsley- curly leaf,","Parsley- curly leaf,  description",13927,120);
insert into Items value(569,"Parsley- root","Parsley- root  description",86678,113);
insert into Items value(570,"Parsnips- hollow crown","Parsnips- hollow crown  description",50450,121);
insert into Items value(571,"Peaches","Peaches  description",31197,116);
insert into Items value(572,"Peanuts","Peanuts  description",33321,119);
insert into Items value(573,"Pear- green anjou,","Pear- green anjou,  description",35003,113);
insert into Items value(574,"Pear- red anjou,","Pear- red anjou,  description",50590,115);
insert into Items value(575,"Pear- bartlett,","Pear- bartlett,  description",42009,120);
insert into Items value(576,"Pear- bosc","Pear- bosc  description",82326,119);
insert into Items value(577,"Peas- green,","Peas- green,  description",58522,111);
insert into Items value(578,"Peas- yellow,","Peas- yellow,  description",98639,118);
insert into Items value(579,"Peas- sugar snap,","Peas- sugar snap,  description",58855,113);
insert into Items value(580,"Peas- cascadia snow pea,","Peas- cascadia snow pea,  description",79768,111);
insert into Items value(581,"Peas- avalanche snow pea","Peas- avalanche snow pea  description",23042,114);
insert into Items value(582,"Pecan","Pecan  description",17529,111);
insert into Items value(583,"Pepino melon","Pepino melon  description",80672,116);
insert into Items value(584,"Pepper (black)","Pepper (black)  description",90552,114);
insert into Items value(585,"Peppermint","Peppermint  description",89720,115);
insert into Items value(586,"Persimmon- hachiya","Persimmon- hachiya  description",11962,111);
insert into Items value(587,"Pineapple","Pineapple  description",66177,114);
insert into Items value(588,"Pizza","Pizza Description",96877,119);

insert into Prices value(200,'2017-8-24',0.46,138,115);
insert into Prices value(201,'2018-10-15',2.67,135,114);
insert into Prices value(202,'2018-11-18',4.28,239,117);
insert into Prices value(203,'2019-12-10',12.86,112,116);
insert into Prices value(204,'2019-7-12',1.4,65,114);
insert into Prices value(205,'2018-6-8',15.73,140,111);
insert into Prices value(206,'2018-3-11',15.94,120,116);
insert into Prices value(207,'2018-12-10',12.17,202,116);
insert into Prices value(208,'2018-8-11',1.39,35,116);
insert into Prices value(209,'2018-1-17',1.1,99,121);
insert into Prices value(210,'2017-11-2',6.9,182,111);
insert into Prices value(211,'2017-2-7',15.37,219,112);
insert into Prices value(212,'2019-7-24',10.84,128,111);
insert into Prices value(213,'2017-9-21',0.16,161,117);
insert into Prices value(214,'2017-8-3',6.57,59,119);
insert into Prices value(215,'2018-9-1',2.27,2,118);
insert into Prices value(216,'2018-9-11',8.95,65,117);
insert into Prices value(217,'2017-9-15',12.5,194,115);
insert into Prices value(218,'2018-1-10',6.55,268,122);
insert into Prices value(219,'2018-1-28',9.3,72,122);
insert into Prices value(220,'2019-3-9',9.67,108,112);
insert into Prices value(221,'2019-4-23',3.87,135,118);
insert into Prices value(222,'2017-8-21',4.43,228,112);
insert into Prices value(223,'2019-2-16',9.50,211,111);
insert into Prices value(224,'2019-9-15',10.69,21,121);
insert into Prices value(225,'2019-2-2',9.65,148,117);
insert into Prices value(226,'2018-3-15',1.50,133,112);
insert into Prices value(227,'2019-6-11',6.46,203,117);
insert into Prices value(228,'2019-10-26',10.94,158,114);
insert into Prices value(229,'2019-7-26',7.65,22,115);
insert into Prices value(230,'2019-4-5',11.84,27,122);
insert into Prices value(231,'2017-10-13',0.61,227,117);
insert into Prices value(232,'2019-7-4',14.79,72,120);
insert into Prices value(233,'2019-9-24',9.27,284,119);
insert into Prices value(234,'2017-4-20',9.36,96,116);
insert into Prices value(235,'2017-12-3',1.0,29,120);
insert into Prices value(236,'2017-12-24',7.94,10,122);
insert into Prices value(237,'2019-6-20',4.41,273,116);
insert into Prices value(238,'2017-10-2',7.53,148,117);
insert into Prices value(239,'2018-9-10',8.69,129,116);
insert into Prices value(240,'2017-1-20',13.46,29,113);
insert into Prices value(241,'2018-4-15',6.70,257,118);
insert into Prices value(242,'2017-1-19',11.88,13,118);
insert into Prices value(243,'2018-7-14',6.54,111,120);
insert into Prices value(244,'2017-12-19',12.48,74,116);
insert into Prices value(245,'2017-10-11',0.46,31,112);
insert into Prices value(246,'2019-1-3',4.89,273,116);
insert into Prices value(247,'2017-12-8',14.11,175,120);
insert into Prices value(248,'2017-9-12',6.75,3,119);
insert into Prices value(249,'2017-3-3',15.72,55,112);
insert into Prices value(250,'2017-1-16',11.20,91,121);
insert into Prices value(251,'2019-7-8',1.25,214,114);
insert into Prices value(252,'2018-3-24',15.70,220,116);
insert into Prices value(253,'2018-9-21',3.56,133,121);
insert into Prices value(254,'2018-5-14',2.27,155,122);
insert into Prices value(255,'2017-10-27',10.49,217,112);
insert into Prices value(256,'2019-9-26',0.72,90,111);
insert into Prices value(257,'2019-10-19',5.35,152,121);
insert into Prices value(258,'2017-9-14',7.42,254,114);
insert into Prices value(259,'2017-9-13',0.56,56,120);
insert into Prices value(260,'2017-11-15',6.69,163,116);
insert into Prices value(261,'2019-11-18',1.46,12,118);
insert into Prices value(262,'2019-5-27',2.28,206,115);
insert into Prices value(263,'2018-1-4',9.15,214,112);
insert into Prices value(264,'2019-1-4',6.42,190,117);
insert into Prices value(265,'2018-7-10',13.42,113,117);
insert into Prices value(266,'2018-12-8',12.12,10,120);
insert into Prices value(267,'2017-10-1',7.39,122,122);
insert into Prices value(268,'2019-4-20',11.52,225,121);
insert into Prices value(269,'2017-9-16',15.77,263,119);
insert into Prices value(270,'2018-3-11',2.67,202,121);
insert into Prices value(271,'2018-7-16',0.44,121,111);
insert into Prices value(272,'2018-5-2',4.1,212,122);
insert into Prices value(273,'2017-5-16',7.50,242,113);
insert into Prices value(274,'2018-2-12',10.79,202,115);
insert into Prices value(275,'2019-8-2',6.0,216,119);
insert into Prices value(276,'2018-11-2',13.72,181,119);
insert into Prices value(277,'2017-2-7',14.16,107,113);
insert into Prices value(278,'2018-2-13',10.17,3,122);
insert into Prices value(279,'2017-8-7',5.54,29,111);
insert into Prices value(280,'2019-9-20',9.7,274,111);
insert into Prices value(281,'2019-6-23',14.7,3,120);
insert into Prices value(282,'2017-3-27',14.36,172,112);
insert into Prices value(283,'2018-6-23',15.55,224,112);
insert into Prices value(284,'2018-7-23',4.86,8,115);
insert into Prices value(285,'2017-7-6',5.2,18,119);
insert into Prices value(286,'2019-6-1',13.12,2,116);
insert into Prices value(287,'2018-7-20',4.82,148,112);
insert into Prices value(288,'2018-7-25',6.64,265,117);
insert into Prices value(289,'2018-8-15',13.48,253,113);
insert into Prices value(290,'2017-8-11',15.90,232,117);
insert into Prices value(291,'2019-7-12',9.78,180,116);
insert into Prices value(292,'2018-5-13',7.72,220,115);
insert into Prices value(293,'2017-10-22',7.37,149,114);
insert into Prices value(294,'2018-8-7',15.14,93,115);
insert into Prices value(295,'2017-8-11',8.96,57,111);
insert into Prices value(296,'2018-3-18',5.33,225,115);
insert into Prices value(297,'2018-11-20',0.95,91,122);
insert into Prices value(298,'2018-3-19',9.39,25,112);
insert into Prices value(299,'2017-12-21',13.87,36,122);
insert into Prices value(300,'2017-9-11',15.32,84,111);
insert into Prices value(301,'2018-5-22',12.34,161,119);
insert into Prices value(302,'2017-4-14',10.27,83,113);
insert into Prices value(303,'2018-4-22',9.32,47,119);
insert into Prices value(304,'2017-10-6',15.32,269,121);
insert into Prices value(305,'2018-1-3',11.9,55,115);
insert into Prices value(306,'2018-6-8',5.66,9,114);
insert into Prices value(307,'2017-1-13',3.14,114,112);
insert into Prices value(308,'2017-2-22',9.56,125,122);
insert into Prices value(309,'2019-10-1',1.89,204,112);
insert into Prices value(310,'2019-3-17',3.74,219,116);
insert into Prices value(311,'2019-2-8',14.28,270,119);
insert into Prices value(312,'2017-5-12',4.82,240,119);
insert into Prices value(313,'2019-12-18',2.87,284,116);
insert into Prices value(314,'2017-8-13',14.1,81,116);
insert into Prices value(315,'2017-11-10',7.43,100,116);
insert into Prices value(316,'2018-4-27',4.87,109,115);
insert into Prices value(317,'2019-1-3',15.42,54,117);
insert into Prices value(318,'2017-6-3',0.26,217,115);
insert into Prices value(319,'2019-8-2',0.10,44,118);
insert into Prices value(320,'2018-1-16',6.98,77,114);
insert into Prices value(321,'2018-11-27',14.52,163,119);
insert into Prices value(322,'2017-2-18',1.17,103,122);
insert into Prices value(323,'2017-1-21',6.44,245,120);
insert into Prices value(324,'2019-8-4',14.59,102,122);
insert into Prices value(325,'2017-7-25',9.93,172,114);
insert into Prices value(326,'2018-3-3',4.51,203,111);
insert into Prices value(327,'2017-5-6',12.57,284,111);
insert into Prices value(328,'2019-4-13',5.39,141,119);
insert into Prices value(329,'2018-9-25',9.77,99,112);
insert into Prices value(330,'2018-7-4',2.21,89,121);
insert into Prices value(331,'2017-8-8',6.0,27,120);
insert into Prices value(332,'2019-3-21',4.85,209,112);
insert into Prices value(333,'2018-3-21',1.40,230,120);
insert into Prices value(334,'2019-5-10',15.47,126,122);
insert into Prices value(335,'2019-11-19',9.75,270,112);
insert into Prices value(336,'2017-11-5',4.46,86,113);
insert into Prices value(337,'2018-6-20',10.8,89,122);
insert into Prices value(338,'2017-9-5',5.17,285,122);
insert into Prices value(339,'2018-10-8',14.68,276,117);
insert into Prices value(340,'2019-2-5',10.77,108,115);
insert into Prices value(341,'2017-12-2',1.33,52,111);
insert into Prices value(342,'2018-12-11',11.11,83,116);
insert into Prices value(343,'2017-12-4',1.54,226,119);
insert into Prices value(344,'2018-3-7',7.49,254,113);
insert into Prices value(345,'2018-6-5',5.29,240,118);
insert into Prices value(346,'2017-4-21',6.76,117,122);
insert into Prices value(347,'2019-11-7',0.63,140,121);
insert into Prices value(348,'2019-10-19',15.97,68,121);
insert into Prices value(349,'2018-3-3',1.30,29,120);
insert into Prices value(350,'2018-6-2',3.99,63,111);
insert into Prices value(351,'2017-11-18',1.73,198,116);
insert into Prices value(352,'2017-9-26',2.68,103,121);
insert into Prices value(353,'2017-3-4',0.7,198,111);
insert into Prices value(354,'2018-8-1',9.95,282,114);
insert into Prices value(355,'2017-11-8',15.97,114,116);
insert into Prices value(356,'2018-12-12',4.53,153,122);
insert into Prices value(357,'2017-12-12',0.73,216,122);
insert into Prices value(358,'2018-9-21',13.75,135,111);
insert into Prices value(359,'2018-4-15',7.11,46,122);
insert into Prices value(360,'2017-2-15',8.78,98,115);
insert into Prices value(361,'2019-1-25',0.17,283,121);
insert into Prices value(362,'2018-3-27',0.86,102,117);
insert into Prices value(363,'2019-11-6',6.97,191,116);
insert into Prices value(364,'2017-10-14',7.31,257,114);
insert into Prices value(365,'2018-3-4',13.42,189,121);
insert into Prices value(366,'2019-7-8',7.12,144,118);
insert into Prices value(367,'2018-11-23',2.31,168,117);
insert into Prices value(368,'2019-10-26',11.49,169,114);
insert into Prices value(369,'2017-10-11',4.88,104,118);
insert into Prices value(370,'2018-10-15',5.13,138,112);
insert into Prices value(371,'2019-7-17',2.1,46,122);
insert into Prices value(372,'2019-6-28',1.22,109,114);
insert into Prices value(373,'2017-11-13',11.51,271,121);
insert into Prices value(374,'2019-12-26',2.27,242,112);
insert into Prices value(375,'2017-9-18',14.69,222,114);
insert into Prices value(376,'2019-3-11',5.51,198,114);
insert into Prices value(377,'2017-9-26',8.58,67,120);
insert into Prices value(378,'2019-11-7',10.42,267,113);
insert into Prices value(379,'2019-3-27',7.45,73,119);
insert into Prices value(380,'2017-5-14',15.33,121,111);
insert into Prices value(381,'2019-1-13',12.52,275,118);
insert into Prices value(382,'2019-5-23',1.23,160,113);
insert into Prices value(383,'2019-5-5',2.13,31,117);
insert into Prices value(384,'2018-12-21',3.82,195,113);
insert into Prices value(385,'2017-8-15',6.71,270,111);
insert into Prices value(386,'2018-3-17',15.62,142,116);
insert into Prices value(387,'2017-1-5',10.9,53,121);
insert into Prices value(388,'2017-7-11',6.52,51,122);
insert into Prices value(389,'2017-8-26',3.65,27,116);
insert into Prices value(390,'2018-5-13',11.99,187,122);
insert into Prices value(391,'2017-4-10',8.14,32,116);
insert into Prices value(392,'2019-10-23',6.32,246,114);
insert into Prices value(393,'2017-6-25',9.47,21,118);
insert into Prices value(394,'2017-7-27',4.24,219,116);
insert into Prices value(395,'2019-11-1',12.85,176,120);
insert into Prices value(396,'2019-10-11',4.42,278,116);
insert into Prices value(397,'2018-1-10',3.52,287,111);
insert into Prices value(398,'2017-1-25',8.67,87,122);
insert into Prices value(399,'2019-5-6',3.49,195,117);
insert into Prices value(400,'2019-8-15',8.95,219,120);
insert into Prices value(401,'2017-11-5',5.49,84,114);
insert into Prices value(402,'2017-8-13',13.27,16,112);
insert into Prices value(403,'2018-1-5',7.46,104,121);
insert into Prices value(404,'2018-1-11',2.94,258,114);
insert into Prices value(405,'2017-6-13',5.97,272,115);
insert into Prices value(406,'2018-6-26',7.39,282,115);
insert into Prices value(407,'2019-10-23',12.26,204,122);
insert into Prices value(408,'2017-7-9',10.34,140,116);
insert into Prices value(409,'2019-9-9',13.78,241,118);
insert into Prices value(410,'2017-9-9',11.37,129,117);
insert into Prices value(411,'2018-4-14',14.15,206,116);
insert into Prices value(412,'2018-6-24',12.98,203,122);
insert into Prices value(413,'2017-4-23',1.45,40,121);
insert into Prices value(414,'2019-8-26',3.92,40,116);
insert into Prices value(415,'2017-3-14',5.35,283,118);
insert into Prices value(416,'2019-5-28',6.84,173,115);
insert into Prices value(417,'2019-5-4',8.42,158,116);
insert into Prices value(418,'2018-7-8',10.93,195,117);
insert into Prices value(419,'2018-6-19',4.67,259,114);
insert into Prices value(420,'2017-6-25',7.80,212,122);
insert into Prices value(421,'2018-11-6',4.1,5,119);
insert into Prices value(422,'2017-2-26',8.65,277,119);
insert into Prices value(423,'2018-8-10',14.48,45,115);
insert into Prices value(424,'2018-2-23',5.81,176,120);
insert into Prices value(425,'2019-6-22',8.44,126,120);
insert into Prices value(426,'2018-10-13',10.24,163,116);
insert into Prices value(427,'2018-1-8',0.86,95,113);
insert into Prices value(428,'2018-6-20',7.18,60,119);
insert into Prices value(429,'2018-8-25',11.59,241,116);
insert into Prices value(430,'2018-5-20',0.54,270,121);
insert into Prices value(431,'2019-12-28',5.32,94,115);
insert into Prices value(432,'2018-5-3',11.3,266,114);
insert into Prices value(433,'2017-4-6',5.24,49,117);
insert into Prices value(434,'2017-6-12',12.30,10,116);
insert into Prices value(435,'2018-10-11',2.80,209,115);
insert into Prices value(436,'2018-3-1',6.37,160,114);
insert into Prices value(437,'2017-10-27',2.64,68,116);
insert into Prices value(438,'2018-3-19',11.13,78,115);
insert into Prices value(439,'2017-2-5',9.31,271,121);
insert into Prices value(440,'2018-5-23',3.51,172,112);
insert into Prices value(441,'2018-3-26',13.82,127,118);
insert into Prices value(442,'2018-7-4',7.68,159,120);
insert into Prices value(443,'2017-8-1',10.5,52,112);
insert into Prices value(444,'2017-1-13',13.29,45,122);
insert into Prices value(445,'2018-6-1',5.31,5,118);
insert into Prices value(446,'2017-9-9',1.43,180,120);
insert into Prices value(447,'2017-11-13',0.43,21,120);
insert into Prices value(448,'2017-8-28',9.34,123,122);
insert into Prices value(449,'2017-12-27',12.88,260,111);
insert into Prices value(450,'2019-7-17',5.97,5,115);
insert into Prices value(451,'2019-4-21',10.96,139,115);
insert into Prices value(452,'2017-11-20',7.17,97,113);
insert into Prices value(453,'2018-1-7',14.36,251,112);
insert into Prices value(454,'2019-6-15',9.35,117,114);
insert into Prices value(455,'2017-12-4',5.81,66,113);
insert into Prices value(456,'2017-4-21',3.16,95,122);
insert into Prices value(457,'2019-5-5',0.11,209,114);
insert into Prices value(458,'2019-11-28',0.91,111,121);
insert into Prices value(459,'2018-1-4',2.29,210,114);
insert into Prices value(460,'2019-1-22',14.15,59,120);
insert into Prices value(461,'2018-5-18',11.84,130,113);
insert into Prices value(462,'2018-1-14',12.35,259,120);
insert into Prices value(463,'2019-12-9',12.30,200,120);
insert into Prices value(464,'2018-12-24',2.20,215,120);
insert into Prices value(465,'2017-6-17',0.29,2,112);
insert into Prices value(466,'2019-12-18',12.2,166,112);
insert into Prices value(467,'2019-5-18',15.92,174,118);
insert into Prices value(468,'2017-9-1',6.41,29,113);
insert into Prices value(469,'2017-10-6',11.77,4,121);
insert into Prices value(470,'2018-1-15',11.28,29,111);
insert into Prices value(471,'2018-6-3',1.24,129,114);
insert into Prices value(472,'2019-2-2',12.93,67,116);
insert into Prices value(473,'2018-4-18',0.73,127,112);
insert into Prices value(474,'2017-12-26',11.36,178,119);
insert into Prices value(475,'2019-10-14',12.9,33,116);
insert into Prices value(476,'2018-8-18',14.24,131,115);
insert into Prices value(477,'2017-9-17',6.42,268,111);
insert into Prices value(478,'2017-2-7',0.44,164,115);
insert into Prices value(479,'2018-5-18',8.99,257,113);
insert into Prices value(480,'2018-5-20',11.36,120,120);
insert into Prices value(481,'2017-6-19',1.69,257,122);
insert into Prices value(482,'2017-2-9',3.27,206,112);
insert into Prices value(483,'2017-4-13',1.0,171,116);
insert into Prices value(484,'2018-8-28',5.67,249,114);
insert into Prices value(485,'2018-2-8',1.47,202,115);
insert into Prices value(486,'2017-12-2',11.17,31,114);
insert into Prices value(487,'2019-1-28',5.74,52,118);
insert into Prices value(488,'2019-7-21',7.53,262,113);
insert into Prices value(489,'2017-3-11',11.65,27,115);
insert into Prices value(490,'2018-4-8',1.59,175,122);
insert into Prices value(491,'2018-8-9',13.2,80,121);
insert into Prices value(492,'2017-8-25',15.90,174,118);
insert into Prices value(493,'2018-6-19',10.41,170,119);
insert into Prices value(494,'2017-11-19',8.29,231,122);
insert into Prices value(495,'2017-9-6',6.63,54,116);
insert into Prices value(496,'2018-2-8',5.44,239,116);
insert into Prices value(497,'2019-7-18',0.70,193,114);
insert into Prices value(498,'2017-1-7',15.87,50,120);
insert into Prices value(499,'2018-2-3',14.86,133,116);
insert into Prices value(500,'2018-5-26',6.54,251,117);
insert into Prices value(501,'2019-10-6',4.20,30,113);
insert into Prices value(502,'2017-1-11',6.71,167,114);
insert into Prices value(503,'2018-6-25',12.93,168,120);
insert into Prices value(504,'2019-6-7',9.77,68,113);
insert into Prices value(505,'2019-7-8',0.62,114,120);
insert into Prices value(506,'2017-10-22',7.45,97,112);
insert into Prices value(507,'2019-6-25',6.33,200,112);
insert into Prices value(508,'2018-12-17',0.57,122,118);
insert into Prices value(509,'2017-7-24',1.82,270,112);
insert into Prices value(510,'2019-1-7',15.93,15,117);
insert into Prices value(511,'2017-9-6',13.10,5,117);
insert into Prices value(512,'2018-8-12',13.5,13,116);
insert into Prices value(513,'2017-7-25',9.60,263,112);
insert into Prices value(514,'2018-3-14',10.75,237,117);
insert into Prices value(515,'2018-11-9',10.60,148,119);
insert into Prices value(516,'2019-11-21',1.40,248,112);
insert into Prices value(517,'2017-8-15',14.93,269,119);
insert into Prices value(518,'2018-12-15',3.28,72,118);
insert into Prices value(519,'2019-4-21',8.50,172,111);
insert into Prices value(520,'2018-3-25',3.92,223,116);
insert into Prices value(521,'2017-8-12',15.86,92,115);
insert into Prices value(522,'2018-9-25',5.67,148,122);
insert into Prices value(523,'2018-1-7',8.80,222,120);
insert into Prices value(524,'2019-1-28',2.2,95,120);
insert into Prices value(525,'2017-4-12',13.36,257,114);
insert into Prices value(526,'2017-5-19',9.72,99,118);
insert into Prices value(527,'2017-6-27',6.67,150,114);
insert into Prices value(528,'2018-5-24',13.54,273,115);
insert into Prices value(529,'2019-11-3',9.5,219,116);
insert into Prices value(530,'2017-2-5',7.47,85,111);
insert into Prices value(531,'2018-12-24',14.71,221,113);
insert into Prices value(532,'2018-7-8',2.52,74,113);
insert into Prices value(533,'2017-5-5',15.8,25,119);
insert into Prices value(534,'2019-8-1',6.28,252,120);
insert into Prices value(535,'2019-5-19',10.71,82,117);
insert into Prices value(536,'2019-8-2',10.60,160,115);
insert into Prices value(537,'2019-3-4',13.75,258,113);
insert into Prices value(538,'2018-1-22',3.38,202,119);
insert into Prices value(539,'2017-12-27',3.73,285,111);
insert into Prices value(540,'2017-3-2',10.88,11,120);
insert into Prices value(541,'2018-12-13',7.32,48,114);
insert into Prices value(542,'2018-6-12',11.71,19,120);
insert into Prices value(543,'2019-8-22',13.90,22,114);
insert into Prices value(544,'2017-6-10',14.8,189,120);
insert into Prices value(545,'2019-5-17',13.12,106,113);
insert into Prices value(546,'2019-6-16',8.10,204,120);
insert into Prices value(547,'2017-2-12',7.25,30,112);
insert into Prices value(548,'2018-4-17',8.80,257,117);
insert into Prices value(549,'2017-9-6',9.91,19,115);
insert into Prices value(550,'2019-4-15',4.97,197,119);
insert into Prices value(551,'2018-9-1',8.93,247,111);
insert into Prices value(552,'2017-7-15',13.23,259,111);
insert into Prices value(553,'2019-7-17',15.84,276,117);
insert into Prices value(554,'2017-11-18',8.47,73,116);
insert into Prices value(555,'2019-3-8',3.11,74,111);
insert into Prices value(556,'2018-9-11',7.39,140,116);
insert into Prices value(557,'2018-1-5',1.87,155,121);
insert into Prices value(558,'2019-7-14',7.67,14,122);
insert into Prices value(559,'2019-7-20',8.9,130,118);
insert into Prices value(560,'2017-4-11',11.7,187,115);
insert into Prices value(561,'2018-1-24',14.16,16,122);
insert into Prices value(562,'2018-7-2',4.35,205,117);
insert into Prices value(563,'2018-2-5',6.71,177,111);
insert into Prices value(564,'2019-7-9',15.8,246,114);
insert into Prices value(565,'2017-11-21',14.16,111,112);
insert into Prices value(566,'2018-9-17',2.15,108,118);
insert into Prices value(567,'2017-2-9',13.99,259,112);
insert into Prices value(568,'2018-7-14',15.59,14,113);
insert into Prices value(569,'2019-2-21',15.41,259,114);
insert into Prices value(570,'2017-2-20',3.28,139,111);
insert into Prices value(571,'2019-1-1',6.62,7,115);
insert into Prices value(572,'2018-8-21',7.24,37,122);
insert into Prices value(573,'2017-2-5',4.18,100,121);
insert into Prices value(574,'2019-7-3',3.5,138,118);
insert into Prices value(575,'2018-6-16',9.30,65,118);
insert into Prices value(576,'2019-4-4',8.40,75,115);
insert into Prices value(577,'2018-3-21',13.97,218,111);
insert into Prices value(578,'2018-8-27',2.52,213,122);
insert into Prices value(579,'2017-9-10',13.20,17,122);
insert into Prices value(580,'2019-6-11',15.2,222,118);
insert into Prices value(581,'2019-10-3',10.35,110,119);
insert into Prices value(582,'2018-6-28',13.98,114,119);
insert into Prices value(583,'2018-7-8',6.31,225,111);
insert into Prices value(584,'2019-11-1',2.38,210,116);
insert into Prices value(585,'2017-10-23',4.7,289,114);
insert into Prices value(586,'2017-2-20',13.89,191,118);
insert into Prices value(587,'2019-9-24',7.97,176,118);
insert into Prices value(588,'2019-7-20',6.59,179,121);
insert into Prices value(589,'2018-8-4',8.66,83,112);
insert into Prices value(590,'2018-12-25',15.96,18,117);
insert into Prices value(591,'2019-10-1',15.88,85,120);
insert into Prices value(592,'2018-12-11',9.44,141,117);
insert into Prices value(593,'2018-6-7',15.83,73,118);
insert into Prices value(594,'2017-5-27',2.79,43,112);
insert into Prices value(595,'2018-2-17',2.4,220,120);
insert into Prices value(596,'2019-2-3',8.65,3,112);
insert into Prices value(597,'2017-7-19',5.39,138,118);
insert into Prices value(598,'2019-1-28',14.83,283,116);
insert into Prices value(599,'2019-1-5',13.2,244,121);
insert into Prices value(600,'2018-11-12',8.38,280,116);
insert into Prices value(601,'2017-11-26',6.23,171,119);
insert into Prices value(602,'2018-8-3',1.56,89,111);
insert into Prices value(603,'2018-10-1',10.58,7,117);
insert into Prices value(604,'2019-1-24',12.66,225,120);
insert into Prices value(605,'2019-1-10',12.6,3,122);
insert into Prices value(606,'2017-5-4',13.45,258,114);
insert into Prices value(607,'2018-9-19',5.58,109,115);
insert into Prices value(608,'2019-11-25',8.45,264,113);
insert into Prices value(609,'2017-4-2',13.59,187,119);
insert into Prices value(610,'2018-5-12',10.65,149,117);
insert into Prices value(611,'2018-3-1',2.2,14,115);
insert into Prices value(612,'2017-4-22',9.64,39,114);
insert into Prices value(613,'2019-10-18',11.44,75,117);
insert into Prices value(614,'2019-2-8',12.82,197,117);
insert into Prices value(615,'2017-1-20',14.93,3,116);
insert into Prices value(616,'2018-6-28',13.57,138,112);
insert into Prices value(617,'2017-10-9',1.78,257,119);
insert into Prices value(618,'2018-5-27',13.23,116,112);
insert into Prices value(619,'2017-5-15',10.66,7,114);
insert into Prices value(620,'2017-6-11',1.36,175,113);
insert into Prices value(621,'2017-8-9',7.51,201,121);
insert into Prices value(622,'2018-7-2',14.56,25,114);
insert into Prices value(623,'2019-2-18',1.96,261,114);
insert into Prices value(624,'2017-4-23',9.86,57,122);
insert into Prices value(625,'2018-11-9',9.62,52,118);
insert into Prices value(626,'2018-10-21',7.90,140,120);
insert into Prices value(627,'2017-9-1',7.81,275,119);
insert into Prices value(628,'2017-7-6',5.69,257,115);
insert into Prices value(629,'2017-2-25',2.68,279,116);
insert into Prices value(630,'2019-12-14',13.50,191,120);
insert into Prices value(631,'2018-5-4',2.88,225,121);
insert into Prices value(632,'2018-2-6',11.26,53,111);
insert into Prices value(633,'2019-4-21',11.58,256,122);
insert into Prices value(634,'2018-8-10',5.1,271,115);
insert into Prices value(635,'2019-4-23',3.1,142,113);
insert into Prices value(636,'2019-1-14',2.73,280,118);
insert into Prices value(637,'2019-3-24',5.87,198,118);
insert into Prices value(638,'2018-7-4',0.69,28,118);
insert into Prices value(639,'2019-11-8',15.46,199,122);
insert into Prices value(640,'2017-7-13',6.75,245,117);
insert into Prices value(641,'2019-7-11',13.58,130,113);
insert into Prices value(642,'2019-7-9',4.51,175,120);
insert into Prices value(643,'2017-7-26',5.21,156,117);
insert into Prices value(644,'2017-5-9',1.96,153,117);
insert into Prices value(645,'2018-7-4',3.57,65,112);
insert into Prices value(646,'2018-8-24',1.67,241,116);
insert into Prices value(647,'2019-12-17',0.28,266,120);
insert into Prices value(648,'2019-3-3',9.69,203,112);
insert into Prices value(649,'2017-5-6',2.56,61,113);
insert into Prices value(650,'2017-1-28',13.55,79,111);
insert into Prices value(651,'2017-6-23',13.56,221,115);
insert into Prices value(652,'2019-1-3',7.51,27,116);
insert into Prices value(653,'2018-8-10',13.40,166,120);
insert into Prices value(654,'2018-7-26',9.46,81,122);
insert into Prices value(655,'2019-5-27',15.78,208,113);
insert into Prices value(656,'2019-1-20',11.52,179,117);
insert into Prices value(657,'2019-6-15',12.29,287,119);
insert into Prices value(658,'2018-6-2',5.50,11,119);
insert into Prices value(659,'2017-7-20',15.5,178,114);
insert into Prices value(660,'2019-7-24',7.50,259,118);
insert into Prices value(661,'2019-1-17',1.72,287,120);
insert into Prices value(662,'2019-4-17',9.71,190,117);
insert into Prices value(663,'2017-11-17',15.57,10,118);
insert into Prices value(664,'2017-4-1',13.3,61,119);
insert into Prices value(665,'2017-7-24',8.50,79,119);
insert into Prices value(666,'2018-1-12',13.88,3,118);
insert into Prices value(667,'2017-9-17',10.23,30,111);
insert into Prices value(668,'2018-7-14',0.78,159,120);
insert into Prices value(669,'2018-9-11',7.93,75,121);
insert into Prices value(670,'2018-9-16',8.53,52,116);
insert into Prices value(671,'2019-9-6',2.73,74,111);
insert into Prices value(672,'2019-1-28',7.5,62,116);
insert into Prices value(673,'2019-5-3',12.87,182,112);
insert into Prices value(674,'2017-6-8',15.48,72,118);
insert into Prices value(675,'2017-8-21',15.44,250,118);
insert into Prices value(676,'2018-8-3',3.88,65,119);
insert into Prices value(677,'2018-2-3',6.65,77,115);
insert into Prices value(678,'2017-5-16',4.13,224,119);
insert into Prices value(679,'2018-2-18',13.82,168,118);
insert into Prices value(680,'2019-3-1',8.30,98,114);
insert into Prices value(681,'2019-2-10',10.27,98,121);
insert into Prices value(682,'2019-3-21',7.93,15,117);
insert into Prices value(683,'2018-10-28',10.2,67,116);
insert into Prices value(684,'2018-4-10',13.15,172,113);
insert into Prices value(685,'2019-1-21',0.12,202,114);
insert into Prices value(686,'2018-7-16',4.49,147,112);
insert into Prices value(687,'2017-6-3',12.46,129,119);
insert into Prices value(688,'2017-12-21',11.8,174,114);
insert into Prices value(689,'2017-3-10',13.43,230,116);
insert into Prices value(690,'2018-1-14',12.23,187,122);
insert into Prices value(691,'2018-2-24',1.9,210,121);
insert into Prices value(692,'2019-9-14',7.82,32,121);
insert into Prices value(693,'2018-10-17',8.5,153,111);
insert into Prices value(694,'2019-2-17',9.38,264,122);
insert into Prices value(695,'2018-12-15',10.87,116,111);
insert into Prices value(696,'2017-8-21',10.85,142,117);
insert into Prices value(697,'2018-6-21',1.7,132,113);
insert into Prices value(698,'2019-7-28',10.62,83,122);
insert into Prices value(699,'2019-7-1',12.76,74,117);

insert into Inventory value(121,22);
insert into Inventory value(119,200);
insert into Inventory value(118,22);
insert into Inventory value(116,251);
insert into Inventory value(112,271);
insert into Inventory value(119,237);
insert into Inventory value(119,15);
insert into Inventory value(113,31);
insert into Inventory value(115,91);
insert into Inventory value(114,83);
insert into Inventory value(115,20);
insert into Inventory value(115,62);
insert into Inventory value(114,226);
insert into Inventory value(114,161);
insert into Inventory value(116,130);
insert into Inventory value(120,40);
insert into Inventory value(113,237);
insert into Inventory value(117,158);
insert into Inventory value(112,48);
insert into Inventory value(121,62);
insert into Inventory value(115,63);
insert into Inventory value(113,184);
insert into Inventory value(118,38);
insert into Inventory value(121,239);
insert into Inventory value(119,127);
insert into Inventory value(116,28);
insert into Inventory value(116,253);
insert into Inventory value(118,65);
insert into Inventory value(112,283);
insert into Inventory value(115,47);
insert into Inventory value(122,198);
insert into Inventory value(112,40);
insert into Inventory value(111,85);
insert into Inventory value(116,179);
insert into Inventory value(112,135);
insert into Inventory value(118,75);
insert into Inventory value(118,44);
insert into Inventory value(116,215);
insert into Inventory value(113,190);
insert into Inventory value(113,251);
insert into Inventory value(116,224);
insert into Inventory value(117,75);
insert into Inventory value(118,226);
insert into Inventory value(117,1);
insert into Inventory value(122,146);
insert into Inventory value(111,72);
insert into Inventory value(121,102);
insert into Inventory value(118,71);
insert into Inventory value(118,101);
insert into Inventory value(117,108);
insert into Inventory value(113,224);
insert into Inventory value(115,195);
insert into Inventory value(120,188);
insert into Inventory value(121,66);
insert into Inventory value(120,115);
insert into Inventory value(114,264);
insert into Inventory value(114,106);
insert into Inventory value(114,96);
insert into Inventory value(113,52);
insert into Inventory value(114,106);
insert into Inventory value(118,57);
insert into Inventory value(118,84);
insert into Inventory value(122,225);
insert into Inventory value(112,245);
insert into Inventory value(116,169);
insert into Inventory value(112,96);
insert into Inventory value(115,274);
insert into Inventory value(116,234);
insert into Inventory value(116,31);
insert into Inventory value(113,6);
insert into Inventory value(120,59);
insert into Inventory value(117,71);
insert into Inventory value(115,256);
insert into Inventory value(122,218);
insert into Inventory value(116,278);
insert into Inventory value(113,62);
insert into Inventory value(111,189);
insert into Inventory value(113,246);
insert into Inventory value(117,217);
insert into Inventory value(113,228);
insert into Inventory value(120,219);
insert into Inventory value(111,263);
insert into Inventory value(112,282);
insert into Inventory value(120,196);
insert into Inventory value(115,19);
insert into Inventory value(120,236);
insert into Inventory value(113,29);
insert into Inventory value(112,281);
insert into Inventory value(116,97);
insert into Inventory value(120,74);
insert into Inventory value(118,148);
insert into Inventory value(111,223);
insert into Inventory value(119,57);
insert into Inventory value(114,140);
insert into Inventory value(116,279);
insert into Inventory value(118,147);
insert into Inventory value(113,88);
insert into Inventory value(121,213);
insert into Inventory value(119,130);
insert into Inventory value(113,115);
insert into Inventory value(121,8);
insert into Inventory value(111,199);
insert into Inventory value(111,197);
insert into Inventory value(111,22);
insert into Inventory value(117,92);
insert into Inventory value(119,93);
insert into Inventory value(120,75);
insert into Inventory value(116,208);
insert into Inventory value(111,281);
insert into Inventory value(121,248);
insert into Inventory value(120,189);
insert into Inventory value(120,70);
insert into Inventory value(121,44);
insert into Inventory value(115,14);
insert into Inventory value(116,53);
insert into Inventory value(119,286);
insert into Inventory value(111,24);
insert into Inventory value(119,98);
insert into Inventory value(111,53);
insert into Inventory value(113,269);
insert into Inventory value(113,129);
insert into Inventory value(118,191);
insert into Inventory value(116,32);
insert into Inventory value(115,137);
insert into Inventory value(113,142);
insert into Inventory value(117,112);
insert into Inventory value(116,45);
insert into Inventory value(116,25);
insert into Inventory value(112,223);
insert into Inventory value(118,287);
insert into Inventory value(121,94);
insert into Inventory value(111,219);
insert into Inventory value(119,91);
insert into Inventory value(113,273);
insert into Inventory value(121,183);
insert into Inventory value(111,41);
insert into Inventory value(115,69);
insert into Inventory value(111,223);
insert into Inventory value(118,179);
insert into Inventory value(114,244);
insert into Inventory value(121,220);
insert into Inventory value(118,17);
insert into Inventory value(116,248);
insert into Inventory value(114,67);
insert into Inventory value(121,178);
insert into Inventory value(114,163);
insert into Inventory value(116,117);
insert into Inventory value(117,75);
insert into Inventory value(114,235);
insert into Inventory value(118,237);
insert into Inventory value(111,145);
insert into Inventory value(115,186);
insert into Inventory value(116,149);
insert into Inventory value(122,263);
insert into Inventory value(119,145);
insert into Inventory value(115,51);
insert into Inventory value(112,83);
insert into Inventory value(118,155);
insert into Inventory value(115,97);
insert into Inventory value(118,81);
insert into Inventory value(114,170);
insert into Inventory value(118,77);
insert into Inventory value(119,86);
insert into Inventory value(119,176);
insert into Inventory value(121,64);
insert into Inventory value(121,228);
insert into Inventory value(111,19);
insert into Inventory value(120,136);
insert into Inventory value(116,222);
insert into Inventory value(121,127);
insert into Inventory value(119,289);
insert into Inventory value(122,242);
insert into Inventory value(121,85);
insert into Inventory value(111,282);
insert into Inventory value(119,8);
insert into Inventory value(122,59);
insert into Inventory value(120,238);
insert into Inventory value(112,159);
insert into Inventory value(114,46);
insert into Inventory value(120,273);
insert into Inventory value(112,246);
insert into Inventory value(113,166);
insert into Inventory value(119,168);
insert into Inventory value(115,224);
insert into Inventory value(114,273);
insert into Inventory value(116,184);
insert into Inventory value(120,259);
insert into Inventory value(113,112);
insert into Inventory value(116,289);
insert into Inventory value(121,62);
insert into Inventory value(120,142);
insert into Inventory value(119,264);
insert into Inventory value(116,238);
insert into Inventory value(121,141);
insert into Inventory value(112,108);
insert into Inventory value(122,209);
insert into Inventory value(112,218);
insert into Inventory value(120,219);
insert into Inventory value(121,245);
insert into Inventory value(118,50);
insert into Inventory value(112,241);
insert into Inventory value(117,33);
insert into Inventory value(114,109);
insert into Inventory value(116,141);
insert into Inventory value(118,19);
insert into Inventory value(116,186);
insert into Inventory value(114,287);
insert into Inventory value(121,3);
insert into Inventory value(117,281);
insert into Inventory value(111,192);
insert into Inventory value(112,199);
insert into Inventory value(118,102);
insert into Inventory value(122,116);
insert into Inventory value(115,254);
insert into Inventory value(113,116);
insert into Inventory value(121,85);
insert into Inventory value(114,165);
insert into Inventory value(114,277);
insert into Inventory value(116,147);
insert into Inventory value(120,184);
insert into Inventory value(119,195);
insert into Inventory value(121,149);
insert into Inventory value(111,262);
insert into Inventory value(116,68);
insert into Inventory value(117,21);
insert into Inventory value(115,271);
insert into Inventory value(115,123);
insert into Inventory value(112,77);
insert into Inventory value(117,256);
insert into Inventory value(120,202);
insert into Inventory value(118,266);
insert into Inventory value(113,282);
insert into Inventory value(114,194);
insert into Inventory value(120,9);
insert into Inventory value(111,113);
insert into Inventory value(111,4);
insert into Inventory value(115,252);
insert into Inventory value(117,116);
insert into Inventory value(116,242);
insert into Inventory value(113,144);
insert into Inventory value(114,82);
insert into Inventory value(114,130);
insert into Inventory value(113,289);
insert into Inventory value(122,279);
insert into Inventory value(120,25);
insert into Inventory value(121,68);
insert into Inventory value(122,84);
insert into Inventory value(112,201);
insert into Inventory value(120,286);
insert into Inventory value(117,52);
insert into Inventory value(114,135);
insert into Inventory value(116,236);
insert into Inventory value(114,39);
insert into Inventory value(122,132);
insert into Inventory value(112,156);
insert into Inventory value(117,136);
insert into Inventory value(116,2);
insert into Inventory value(122,261);
insert into Inventory value(117,24);
insert into Inventory value(113,101);
insert into Inventory value(111,269);
insert into Inventory value(113,64);
insert into Inventory value(113,56);
insert into Inventory value(113,229);
insert into Inventory value(117,269);
insert into Inventory value(111,90);
insert into Inventory value(119,262);
insert into Inventory value(121,227);
insert into Inventory value(119,30);
insert into Inventory value(113,37);
insert into Inventory value(111,211);
insert into Inventory value(115,269);
insert into Inventory value(119,70);
insert into Inventory value(116,87);
insert into Inventory value(120,62);
insert into Inventory value(118,14);
insert into Inventory value(113,238);
insert into Inventory value(121,8);
insert into Inventory value(118,111);
insert into Inventory value(117,239);
insert into Inventory value(115,68);
insert into Inventory value(118,114);
insert into Inventory value(115,147);
insert into Inventory value(111,176);
insert into Inventory value(113,48);
insert into Inventory value(119,122);
insert into Inventory value(117,265);
insert into Inventory value(114,216);
insert into Inventory value(120,193);
insert into Inventory value(116,23);
insert into Inventory value(113,145);
insert into Inventory value(116,92);
insert into Inventory value(117,143);
insert into Inventory value(111,237);
insert into Inventory value(117,5);
insert into Inventory value(113,3);
insert into Inventory value(122,245);
insert into Inventory value(113,130);
insert into Inventory value(116,20);
insert into Inventory value(113,27);
insert into Inventory value(121,183);
insert into Inventory value(122,182);
insert into Inventory value(119,58);
insert into Inventory value(114,242);
insert into Inventory value(114,122);
insert into Inventory value(118,87);
insert into Inventory value(122,142);
insert into Inventory value(120,31);
insert into Inventory value(116,74);
insert into Inventory value(119,41);
insert into Inventory value(122,153);
insert into Inventory value(119,240);
insert into Inventory value(115,209);
insert into Inventory value(121,28);
insert into Inventory value(117,196);
insert into Inventory value(118,171);
insert into Inventory value(116,44);
insert into Inventory value(111,275);
insert into Inventory value(117,239);
insert into Inventory value(117,142);
insert into Inventory value(115,34);
insert into Inventory value(113,255);
insert into Inventory value(115,164);
insert into Inventory value(120,34);
insert into Inventory value(114,167);
insert into Inventory value(113,123);
insert into Inventory value(114,274);
insert into Inventory value(119,117);
insert into Inventory value(121,183);
insert into Inventory value(115,127);
insert into Inventory value(112,79);
insert into Inventory value(121,219);
insert into Inventory value(117,203);
insert into Inventory value(122,209);
insert into Inventory value(113,139);
insert into Inventory value(113,137);
insert into Inventory value(114,131);
insert into Inventory value(113,77);
insert into Inventory value(122,199);
insert into Inventory value(119,86);
insert into Inventory value(114,68);
insert into Inventory value(114,82);
insert into Inventory value(113,230);
insert into Inventory value(114,278);
insert into Inventory value(114,142);
insert into Inventory value(120,92);
insert into Inventory value(118,12);
insert into Inventory value(113,276);
insert into Inventory value(115,279);
insert into Inventory value(120,73);
insert into Inventory value(122,269);
insert into Inventory value(122,148);
insert into Inventory value(117,220);
insert into Inventory value(120,212);
insert into Inventory value(114,274);
insert into Inventory value(116,207);
insert into Inventory value(120,203);
insert into Inventory value(119,70);
insert into Inventory value(111,122);
insert into Inventory value(120,95);
insert into Inventory value(121,27);
insert into Inventory value(111,242);
insert into Inventory value(117,273);
insert into Inventory value(111,226);
insert into Inventory value(116,191);
insert into Inventory value(112,139);
insert into Inventory value(114,200);
insert into Inventory value(116,167);
insert into Inventory value(112,22);
insert into Inventory value(115,81);
insert into Inventory value(113,37);
insert into Inventory value(119,234);
insert into Inventory value(119,187);
insert into Inventory value(120,181);
insert into Inventory value(116,66);
insert into Inventory value(114,152);
insert into Inventory value(111,138);
insert into Inventory value(122,278);
insert into Inventory value(112,284);
insert into Inventory value(120,76);
insert into Inventory value(116,139);
insert into Inventory value(115,8);
insert into Inventory value(120,281);
insert into Inventory value(113,99);
insert into Inventory value(118,289);
insert into Inventory value(122,153);
insert into Inventory value(119,56);
insert into Inventory value(113,57);
insert into Inventory value(118,153);
insert into Inventory value(118,224);
insert into Inventory value(119,253);
insert into Inventory value(122,146);
insert into Inventory value(117,212);
insert into Inventory value(115,174);
insert into Inventory value(111,231);
insert into Inventory value(121,49);
insert into Inventory value(119,118);
insert into Inventory value(118,230);
insert into Inventory value(121,220);
insert into Inventory value(118,177);
insert into Inventory value(114,40);
insert into Inventory value(111,29);
insert into Inventory value(119,99);
insert into Inventory value(120,36);
insert into Inventory value(112,132);
insert into Inventory value(114,80);
insert into Inventory value(115,41);
insert into Inventory value(113,144);
insert into Inventory value(118,142);
insert into Inventory value(116,232);
insert into Inventory value(121,183);
insert into Inventory value(120,228);
insert into Inventory value(112,186);
insert into Inventory value(121,126);
insert into Inventory value(113,12);
insert into Inventory value(117,111);
insert into Inventory value(114,198);
insert into Inventory value(118,227);
insert into Inventory value(114,262);
insert into Inventory value(114,251);
insert into Inventory value(122,33);
insert into Inventory value(115,255);
insert into Inventory value(115,197);
insert into Inventory value(122,109);
insert into Inventory value(116,70);
insert into Inventory value(111,283);
insert into Inventory value(118,112);
insert into Inventory value(120,201);
insert into Inventory value(111,171);
insert into Inventory value(115,227);
insert into Inventory value(115,226);
insert into Inventory value(117,71);
insert into Inventory value(121,84);
insert into Inventory value(116,208);
insert into Inventory value(121,177);
insert into Inventory value(111,56);
insert into Inventory value(111,95);
insert into Inventory value(111,58);
insert into Inventory value(120,229);
insert into Inventory value(111,165);
insert into Inventory value(114,97);
insert into Inventory value(122,261);
insert into Inventory value(113,29);
insert into Inventory value(113,112);
insert into Inventory value(112,128);
insert into Inventory value(112,38);
insert into Inventory value(119,56);
insert into Inventory value(112,144);
insert into Inventory value(119,246);
insert into Inventory value(122,220);
insert into Inventory value(117,149);
insert into Inventory value(113,62);
insert into Inventory value(112,170);
insert into Inventory value(118,161);
insert into Inventory value(114,203);
insert into Inventory value(120,280);
insert into Inventory value(115,105);
insert into Inventory value(120,175);
insert into Inventory value(117,142);
insert into Inventory value(122,90);
insert into Inventory value(122,25);
insert into Inventory value(113,158);
insert into Inventory value(122,163);
insert into Inventory value(117,3);
insert into Inventory value(113,216);
insert into Inventory value(122,82);
insert into Inventory value(120,193);
insert into Inventory value(120,220);
insert into Inventory value(118,197);
insert into Inventory value(122,186);
insert into Inventory value(115,94);
insert into Inventory value(112,195);
insert into Inventory value(113,31);
insert into Inventory value(116,62);
insert into Inventory value(122,121);
insert into Inventory value(115,20);
insert into Inventory value(112,29);
insert into Inventory value(118,284);
insert into Inventory value(117,153);
insert into Inventory value(111,259);
insert into Inventory value(118,217);
insert into Inventory value(115,203);
insert into Inventory value(114,39);
insert into Inventory value(111,17);
insert into Inventory value(120,21);
insert into Inventory value(120,111);
insert into Inventory value(120,114);
insert into Inventory value(122,158);
insert into Inventory value(114,225);
insert into Inventory value(115,92);
insert into Inventory value(115,31);
insert into Inventory value(122,230);
insert into Inventory value(113,22);
insert into Inventory value(120,78);
insert into Inventory value(120,7);
insert into Inventory value(116,92);
insert into Inventory value(122,170);
insert into Inventory value(122,40);
insert into Inventory value(119,284);
insert into Inventory value(120,47);
insert into Inventory value(119,148);
insert into Inventory value(111,46);
insert into Inventory value(120,190);
insert into Inventory value(115,15);
insert into Inventory value(120,272);
insert into Inventory value(121,277);
insert into Inventory value(117,280);
insert into Inventory value(122,60);
insert into Inventory value(120,114);
insert into Inventory value(113,42);
insert into Inventory value(122,203);
insert into Inventory value(112,114);
insert into Inventory value(120,79);
insert into Inventory value(114,185);
insert into Inventory value(122,254);
insert into Inventory value(118,66);
insert into Inventory value(117,240);
insert into Inventory value(121,145);
insert into Inventory value(120,135);
insert into Inventory value(111,147);
insert into Inventory value(111,42);
insert into Inventory value(121,19);
insert into Inventory value(119,68);
insert into Inventory value(111,34);
insert into Inventory value(116,262);
insert into Inventory value(112,200);
insert into Inventory value(115,143);
insert into Inventory value(113,231);
insert into Inventory value(111,79);
insert into Inventory value(112,6);
insert into Inventory value(111,141);
insert into Inventory value(119,97);
insert into Inventory value(111,7);
insert into Inventory value(122,172);
insert into Inventory value(117,279);
insert into Inventory value(116,41);
insert into Inventory value(120,229);
insert into Inventory value(112,217);
insert into Inventory value(119,285);
insert into Inventory value(121,57);
insert into Inventory value(112,112);
insert into Inventory value(116,60);
insert into Inventory value(114,285);
insert into Inventory value(111,35);
insert into Inventory value(116,155);
insert into Inventory value(119,156);
insert into Inventory value(111,220);
insert into Inventory value(118,273);
insert into Inventory value(118,254);
insert into Inventory value(122,201);
insert into Inventory value(118,212);
insert into Inventory value(121,50);
insert into Inventory value(115,90);
insert into Inventory value(114,222);
insert into Inventory value(114,201);
insert into Inventory value(113,191);

