/*
drop Table Prices;
drop table Inventory;
drop table Items;
drop table Stores;
*/

/*
CREATE TABLE Stores(
store_id INTEGER AUTO_INCREMENT not NULL,
name CHAR(50) not NULL,
address char(50) default NULL,
PRIMARY KEY(store_id));

CREATE TABLE Items(
item_id INTEGER AUTO_INCREMENT,
name CHAR(50) not NULL,
description CHAR(100) default NULL,
barcode CHAR(32) default NULL,
PRIMARY KEY(item_id));

CREATE TABLE Prices(
price_id INTEGER ,
time DATETIME not NULL,
price REAL not NULL,
item_id INTEGER not NULL,
store_id INTEGER not NULL,
FOREIGN KEY(item_id) REFERENCES Items(item_id),
FOREIGN KEY(store_id) REFERENCES Stores(store_id),
PRIMARY KEY(price_id));

CREATE TABLE Inventory(
store_id INTEGER not NULL,
item_id INTEGER not NULL,
FOREIGN KEY(store_id) REFERENCES Stores(store_id),
FOREIGN KEY(item_id) REFERENCES Items(item_id),
PRIMARY KEY(store_id, item_id));
*/

insert into Stores value(111,"West Side Market","276 W. 4th St.","New York","NY",-74.003552,40.7358808);
insert into Stores value(112,"Pheobes","55 E 5 St.","New York","NY",-73.9907253,40.72762);
insert into Stores value(113,"Kmart","201 Astore Pl.","New York","NY",-73.9900823,40.7295681);
insert into Stores value(114,"Walgreens","32 Astor Place","New York","NY",-73.9915756,40.7298852);
insert into Stores value(115,"Boston Market","240 E. Houston St.","New York","NY",-73.9958775,40.7252985);
insert into Stores value(116,"Independent Super & Co.","176 8th St.","New York","NY",-73.9926901,40.7306163);
insert into Stores value(117,"Frankies Kitchen","41 Cooper Sq.","New York","NY",-73.9902272,40.728544);
insert into Stores value(118,"Moishes Bakery","110 E4th St.","New York","NY",-73.9883729,40.7256568);
insert into Stores value(119,"B&H","22 E 5th St.","New York","NY",-73.9797155,40.7228841);
insert into Stores value(120,"Whole Foods ","22 1st Ave","New York","NY",-73.9879038,40.7235607);
insert into Stores value(121,"Rite Aid","11 W. 6th St.","New York","NY",-73.9942992,40.6752626);
insert into Stores value(122,"Bodega on the Corner","79 E 11th St.","New York","NY",-73.9919769,40.7328325);

insert into Items value(300,"Coke","Coke  description",45269,2);
insert into Items value(301,"Pepsi","Pepsi  description",15597,7);
insert into Items value(302,"Dr. Pepper","Dr. Pepper  description",68914,4);
insert into Items value(303,"Lemonade","Lemonade  description",21823,9);
insert into Items value(304,"Poland Spring Water","Poland Spring Water  description",99194,9);
insert into Items value(305,"Paper Plates","Paper Plates  description",78449,9);
insert into Items value(306,"Cups","Cups  description",38797,3);
insert into Items value(307,"Forks","Forks  description",30782,10);
insert into Items value(308,"Hershey Bar","Hershey Bar  description",74422,5);
insert into Items value(309,"Chicken","Chicken  description",57681,2);
insert into Items value(310,"Beef","Beef  description",13226,9);
insert into Items value(311,"Croutons","Croutons  description",33895,2);
insert into Items value(312,"White Bread","White Bread  description",12811,10);
insert into Items value(313,"Pumpernickel Bread","Pumpernickel Bread  description",72961,7);
insert into Items value(314,"Rye Bread","Rye Bread  description",52801,4);
insert into Items value(315,"Milk","Milk  description",26235,8);
insert into Items value(316,"Pita","Pita  description",30886,7);
insert into Items value(317,"Seeded Rye Bread","Seeded Rye Bread  description",12822,7);
insert into Items value(318,"Rice","Rice  description",28022,7);
insert into Items value(319,"Yellow Rice","Yellow Rice  description",33154,1);
insert into Items value(320,"Brown Rice","Brown Rice  description",74475,5);
insert into Items value(321,"Fettucini","Fettucini  description",78858,8);
insert into Items value(322,"Ziti","Ziti  description",99250,2);
insert into Items value(323,"Penne","Penne  description",56706,6);
insert into Items value(324,"Lasagna Noodles","Lasagna Noodles  description",40158,10);
insert into Items value(325,"Pork","Pork  description",27937,6);
insert into Items value(326,"Paper Towels","Paper Towels  description",34964,8);
insert into Items value(327,"Aluminum Foil","Aluminum Foil  description",98934,2);
insert into Items value(328,"Aluminum Pans","Aluminum Pans  description",48052,6);
insert into Items value(329,"Candles (72 Count)","Candles (72 Count)  description",97554,7);
insert into Items value(330,"Candles (36 Count)","Candles (36 Count)  description",72828,3);
insert into Items value(331,"Potatoe Chips","Potatoe Chips  description",21275,8);
insert into Items value(332,"BBQ Potato Chips","BBQ Potato Chips  description",71276,7);
insert into Items value(333,"Ketchup Chips","Ketchup Chips  description",27805,5);
insert into Items value(334,"Tortilla Chips","Tortilla Chips  description",78547,6);
insert into Items value(335,"Oreos","Oreos  description",23509,1);
insert into Items value(336,"Duble Stuf Oreos","Duble Stuf Oreos  description",48869,5);
insert into Items value(337,"Knockoff Oreros","Knockoff Oreros  description",53599,4);
insert into Items value(338,"Cheeze Its","Cheeze Its  description",36115,9);
insert into Items value(339,"Pringles","Pringles  description",71375,2);
insert into Items value(340,"Cheddar Pringles","Cheddar Pringles  description",81075,5);
insert into Items value(341,"Sour Cream & Onion Pringles ","Sour Cream & Onion Pringles   description",29956,4);
insert into Items value(342,"Spicy chips","Spicy chips  description",55435,7);
insert into Items value(343,"Spicy Pringles","Spicy Pringles  description",49131,4);
insert into Items value(344,"Apple - FiJI","Apple - FiJI  description",65065,7);
insert into Items value(345,"Acai berry","Acai berry  description",28367,10);
insert into Items value(346,"Adzuki bean","Adzuki bean  description",83044,1);
insert into Items value(347,"Almonds","Almonds  description",37730,1);
insert into Items value(348,"Anchovy","Anchovy  description",36014,3);
insert into Items value(349,"Apple- red delicious","Apple- red delicious  description",61213,3);
insert into Items value(350,"Apple - fuji","Apple - fuji  description",67863,4);
insert into Items value(351,"Apple -  ida red","Apple -  ida red  description",86400,10);
insert into Items value(352,"Apple -  granny smith","Apple -  granny smith  description",76371,9);
insert into Items value(353,"Apple -  pink lady","Apple -  pink lady  description",48979,3);
insert into Items value(354,"Apple -  macintosh","Apple -  macintosh  description",43473,10);
insert into Items value(355,"Apple -  golden delicious","Apple -  golden delicious  description",87941,1);
insert into Items value(356,"Apple -  honey crisp","Apple -  honey crisp  description",63877,9);
insert into Items value(357,"Apple -  gala","Apple -  gala  description",85389,10);
insert into Items value(358,"Apple -  jonagold","Apple -  jonagold  description",81893,3);
insert into Items value(359,"Apple -  ruby frost","Apple -  ruby frost  description",54411,2);
insert into Items value(360,"Apple -  honey gold","Apple -  honey gold  description",25585,10);
insert into Items value(361,"Apple -  wolf river","Apple -  wolf river  description",24550,8);
insert into Items value(362,"Apple -  prarie spy","Apple -  prarie spy  description",98049,6);
insert into Items value(363,"Apple -  northern spy","Apple -  northern spy  description",71422,4);
insert into Items value(364,"Apple -  honey sweet","Apple -  honey sweet  description",65571,9);
insert into Items value(365,"Apricot","Apricot  description",95299,1);
insert into Items value(366,"Artichoke- green globe","Artichoke- green globe  description",74850,1);
insert into Items value(367,"Arugula","Arugula  description",68813,6);
insert into Items value(368,"Asian pear- new century","Asian pear- new century  description",16075,10);
insert into Items value(369,"Asian pear- hosui","Asian pear- hosui  description",41346,5);
insert into Items value(370,"Asparagus – Jersey Knight","Asparagus – Jersey Knight  description",14748,6);
insert into Items value(371,"Asparagus – Martha Washington","Asparagus – Martha Washington  description",80415,2);
insert into Items value(372,"Asparagus – purple passion","Asparagus – purple passion  description",99488,8);
insert into Items value(373,"Autumn olive","Autumn olive  description",41601,10);
insert into Items value(374,"Avocado- Haas, fuerte","Avocado- Haas, fuerte  description",96619,1);
insert into Items value(375,"Banana- red ecuador","Banana- red ecuador  description",27869,5);
insert into Items value(376,"Banana- standard yellow cavendish","Banana- standard yellow cavendish  description",84263,8);
insert into Items value(377,"Basil- Genovese","Basil- Genovese  description",59574,8);
insert into Items value(378,"Basil- lettuce leaf","Basil- lettuce leaf  description",26204,5);
insert into Items value(379,"Basil- purple ruffles","Basil- purple ruffles  description",84169,7);
insert into Items value(380,"Basil- lemon","Basil- lemon  description",94704,10);
insert into Items value(381,"Basil- thai sweet","Basil- thai sweet  description",65928,3);
insert into Items value(382,"Basil- opal","Basil- opal  description",78500,6);
insert into Items value(383,"Basswood- leaves","Basswood- leaves  description",43250,7);
insert into Items value(384,"Bean- green bean,","Bean- green bean,  description",42923,1);
insert into Items value(385,"Bean- white bean","Bean- white bean  description",82392,9);
insert into Items value(386,"Bean- pinto bean","Bean- pinto bean  description",11494,8);
insert into Items value(387,"Bean- black bean,","Bean- black bean,  description",84220,6);
insert into Items value(388,"Bean- kidney bean,","Bean- kidney bean,  description",51491,8);
insert into Items value(389,"Bean- red bean,","Bean- red bean,  description",45201,5);
insert into Items value(390,"Bean- navy bean,","Bean- navy bean,  description",48617,3);
insert into Items value(391,"Bean- top crop,","Bean- top crop,  description",79978,6);
insert into Items value(392,"Bean- cantare, ","Bean- cantare,   description",55733,9);
insert into Items value(393,"Bean- royal burgundy,","Bean- royal burgundy,  description",99707,8);
insert into Items value(394,"Bean- galopka, ","Bean- galopka,   description",11872,1);
insert into Items value(395,"Bean- blauhilde, ","Bean- blauhilde,   description",46596,2);
insert into Items value(396,"Bean- tendergreen, ","Bean- tendergreen,   description",41080,8);
insert into Items value(397,"Bean- blue lake pole stringless","Bean- blue lake pole stringless  description",72954,3);
insert into Items value(398,"Bee balm","Bee balm  description",83610,8);
insert into Items value(399,"Beef","Beef  description",14841,10);
insert into Items value(400,"Beets- yellow","Beets- yellow  description",83660,10);
insert into Items value(401,"Beets-, detroit red","Beets-, detroit red  description",82293,10);
insert into Items value(402,"Beets-, bulls blood,","Beets-, bulls blood,  description",47966,8);
insert into Items value(403,"Beets- chioggia,","Beets- chioggia,  description",85053,6);
insert into Items value(404,"Beets- Lutz green leaf,","Beets- Lutz green leaf,  description",64510,7);
insert into Items value(405,"Beets- early wonder,","Beets- early wonder,  description",70340,9);
insert into Items value(406,"Beets- golden detroit, ","Beets- golden detroit,   description",40897,10);
insert into Items value(407,"detroit dark red","detroit dark red  description",73410,8);
insert into Items value(408,"Bilberry","Bilberry  description",80733,7);
insert into Items value(409,"Bitter melon","Bitter melon  description",38991,6);
insert into Items value(410,"Blackberry","Blackberry  description",44334,2);
insert into Items value(411,"Black walnut","Black walnut  description",41998,4);
insert into Items value(412,"Blueberry- Northland","Blueberry- Northland  description",20655,7);
insert into Items value(413,"Blueberry-, Atlanta,","Blueberry-, Atlanta,  description",30994,1);
insert into Items value(414,"Blueberry- Bluetta,","Blueberry- Bluetta,  description",75144,8);
insert into Items value(415,"Blueberry- blue crop,","Blueberry- blue crop,  description",39181,4);
insert into Items value(416,"Blueberry- herbert,","Blueberry- herbert,  description",88213,4);
insert into Items value(417,"Blueberry- blue ray,","Blueberry- blue ray,  description",19334,5);
insert into Items value(418,"Blueberry- jersey,","Blueberry- jersey,  description",17018,4);
insert into Items value(419,"Blueberry- elliot","Blueberry- elliot  description",18473,4);
insert into Items value(420,"Bok choy","Bok choy  description",92565,6);
insert into Items value(421,"Bonefish","Bonefish  description",87826,7);
insert into Items value(422,"Boniato","Boniato  description",77372,10);
insert into Items value(423,"Brazil nut","Brazil nut  description",62794,3);
insert into Items value(424,"Broccoli- waltham,","Broccoli- waltham,  description",64553,6);
insert into Items value(425,"Broccoli- purple sprouting,","Broccoli- purple sprouting,  description",50958,7);
insert into Items value(426,"Broccoli- goliath","Broccoli- goliath  description",46047,1);
insert into Items value(427,"Brussels sprouts","Brussels sprouts  description",23078,7);
insert into Items value(428,"Buckwheat","Buckwheat  description",31843,4);
insert into Items value(429,"Burdock- gobo","Burdock- gobo  description",35417,4);
insert into Items value(430,"Burdock-, takinogawa","Burdock-, takinogawa  description",55934,8);
insert into Items value(431,"Butternut","Butternut  description",89084,5);
insert into Items value(432,"Butternut squash- waltham,","Butternut squash- waltham,  description",29582,8);
insert into Items value(433,"Butternut squash- rogosa violina gioia","Butternut squash- rogosa violina gioia  description",86457,8);
insert into Items value(434,"Cabbage- red,","Cabbage- red,  description",41530,10);
insert into Items value(435,"Cabbage-  danish ballhead,","Cabbage-  danish ballhead,  description",28500,1);
insert into Items value(436,"Cabbage-  greyhound, ","Cabbage-  greyhound,   description",69228,10);
insert into Items value(437,"Cabbage- kalibos,","Cabbage- kalibos,  description",68956,4);
insert into Items value(438,"Cabbage-  early jersey wakefield","Cabbage-  early jersey wakefield  description",50189,10);
insert into Items value(439,"Cabbage- , glory of enkhuizen, ","Cabbage- , glory of enkhuizen,   description",88571,6);
insert into Items value(440,"Cabbage- brunswick","Cabbage- brunswick  description",31763,1);
insert into Items value(441,"Calabash gourd","Calabash gourd  description",54674,5);
insert into Items value(442,"Canola","Canola  description",12083,7);
insert into Items value(443,"Cantaloupe","Cantaloupe  description",23954,9);
insert into Items value(444,"Cardamom- black","Cardamom- black  description",60022,6);
insert into Items value(445,"Carob","Carob  description",27044,6);
insert into Items value(446,"Carrots- orange,","Carrots- orange,  description",53128,9);
insert into Items value(447,"Carrots-  purple,","Carrots-  purple,  description",71414,6);
insert into Items value(448,"Carrots-  yellow,","Carrots-  yellow,  description",43382,4);
insert into Items value(449,"Carrots-  white,","Carrots-  white,  description",20467,2);
insert into Items value(450,"Carrots-  cosmic purple,","Carrots-  cosmic purple,  description",13160,1);
insert into Items value(451,"Carrots-  danvers half long,","Carrots-  danvers half long,  description",94839,6);
insert into Items value(452,"Carrots-  purple dragon","Carrots-  purple dragon  description",49881,7);
insert into Items value(453,"Cashew","Cashew  description",65722,6);
insert into Items value(454,"Cattail roots and shoots","Cattail roots and shoots  description",11664,2);
insert into Items value(455,"Cauliflower","Cauliflower  description",39399,3);
insert into Items value(456,"Cayenne pepper","Cayenne pepper  description",87298,2);
insert into Items value(457,"Celeriac- diamant,","Celeriac- diamant,  description",20031,4);
insert into Items value(458,"Celeriac- giant praque","Celeriac- giant praque  description",15949,4);
insert into Items value(459,"Celery- utah tall,","Celery- utah tall,  description",72582,10);
insert into Items value(460,"Celery- tendercrisp","Celery- tendercrisp  description",44678,8);
insert into Items value(461,"Jerusalem artichoke","Jerusalem artichoke  description",17364,4);
insert into Items value(462,"Jicama","Jicama  description",37540,2);
insert into Items value(463,"Kale- red,","Kale- red,  description",95410,9);
insert into Items value(464,"Kale-  lacinato, ","Kale-  lacinato,   description",74078,7);
insert into Items value(465,"Kale- green,","Kale- green,  description",56546,5);
insert into Items value(466,"Kale-  jagallo,","Kale-  jagallo,  description",64199,5);
insert into Items value(467,"Kale-  scarlet,","Kale-  scarlet,  description",49729,3);
insert into Items value(468,"Kale-  dwarf siberian,","Kale-  dwarf siberian,  description",64686,8);
insert into Items value(469,"Kale-  black magic","Kale-  black magic  description",62482,4);
insert into Items value(470,"Kelp","Kelp  description",29769,6);
insert into Items value(471,"Kiwano melon","Kiwano melon  description",81976,8);
insert into Items value(472,"Kiwi","Kiwi  description",28634,9);
insert into Items value(473,"Kohlrabi- green,","Kohlrabi- green,  description",62907,1);
insert into Items value(474,"Kohlrabi- purple","Kohlrabi- purple  description",16041,8);
insert into Items value(475,"Kombucha","Kombucha  description",12455,8);
insert into Items value(476,"Lambsquarters","Lambsquarters  description",85880,4);
insert into Items value(477,"Lavender- white english,","Lavender- white english,  description",39217,8);
insert into Items value(478,"Lavender- purple english,","Lavender- purple english,  description",11571,9);
insert into Items value(479,"Lavender- lady","Lavender- lady  description",36826,9);
insert into Items value(480,"Leeks- carentan, giant musselburgh, paris","Leeks- carentan, giant musselburgh, paris  description",86633,2);
insert into Items value(481,"Lemon- Meyer","Lemon- Meyer  description",88569,4);
insert into Items value(482,"Lemon balm","Lemon balm  description",80946,3);
insert into Items value(483,"Lemon grass","Lemon grass  description",14671,5);
insert into Items value(484,"Lemon verbena","Lemon verbena  description",88752,3);
insert into Items value(485,"Lentils- red split lentils,","Lentils- red split lentils,  description",11535,9);
insert into Items value(486,"Lentils- black beluga lentils","Lentils- black beluga lentils  description",11582,7);
insert into Items value(487,"Lettuce- butter,","Lettuce- butter,  description",15405,2);
insert into Items value(488,"Lettuce- green leaf,","Lettuce- green leaf,  description",42080,10);
insert into Items value(489,"Lettuce- oak leaf,","Lettuce- oak leaf,  description",90514,5);
insert into Items value(490,"Lettuce- red leaf, ","Lettuce- red leaf,   description",39999,8);
insert into Items value(491,"Lettuce-romaine,","Lettuce-romaine,  description",58234,9);
insert into Items value(492,"Lettuce- red sails,","Lettuce- red sails,  description",81059,1);
insert into Items value(493,"Lettuce- iceberg,","Lettuce- iceberg,  description",49241,10);
insert into Items value(494,"Lettuce- black seeded simpson,","Lettuce- black seeded simpson,  description",35079,10);
insert into Items value(495,"Lettuce- little gem, rouge dhiver,","Lettuce- little gem, rouge dhiver,  description",78265,4);
insert into Items value(496,"Lettuce- green ice,","Lettuce- green ice,  description",24668,3);
insert into Items value(497,"Lettuce- bronze beauty,","Lettuce- bronze beauty,  description",50916,2);
insert into Items value(498,"Lettuce- paris island cos,","Lettuce- paris island cos,  description",93264,5);
insert into Items value(499,"Lettuce- gentilina,","Lettuce- gentilina,  description",46566,5);
insert into Items value(500,"Lettuce- red velvet","Lettuce- red velvet  description",73976,4);
insert into Items value(501,"Lettuce-, devils ear,","Lettuce-, devils ear,  description",67462,8);
insert into Items value(502,"Lettuce- baby oakleaf,","Lettuce- baby oakleaf,  description",73850,2);
insert into Items value(503,"Lettuce- red romaine,","Lettuce- red romaine,  description",30265,10);
insert into Items value(504,"Licorice root","Licorice root  description",94825,6);
insert into Items value(505,"Lilac- light purple","Lilac- light purple  description",68477,4);
insert into Items value(506,"Lime","Lime  description",99822,9);
insert into Items value(507,"Lions mane mushrooms","Lions mane mushrooms  description",84861,8);
insert into Items value(508,"Longan Berries","Longan Berries  description",15703,8);
insert into Items value(509,"Lotus","Lotus  description",45689,9);
insert into Items value(510,"Lychee","Lychee  description",32709,5);
insert into Items value(511,"Mache- dutch corn salad","Mache- dutch corn salad  description",46724,9);
insert into Items value(512,"Maitake mushrooms","Maitake mushrooms  description",98492,6);
insert into Items value(513,"Malabar spinach (moi toi)","Malabar spinach (moi toi)  description",37016,9);
insert into Items value(514,"Malanga- lila, eddoe, edo","Malanga- lila, eddoe, edo  description",73703,2);
insert into Items value(515,"Mandarin- satsuma,","Mandarin- satsuma,  description",98884,1);
insert into Items value(516,"Mandarin- california mandarins","Mandarin- california mandarins  description",30466,10);
insert into Items value(517,"Mango- atalufo,","Mango- atalufo,  description",87751,10);
insert into Items value(518,"Mango- kent,","Mango- kent,  description",69254,10);
insert into Items value(519,"Mango- tommy","Mango- tommy  description",77613,4);
insert into Items value(520,"Mangosteen","Mangosteen  description",49444,9);
insert into Items value(521,"Maple (syrup)","Maple (syrup)  description",57614,4);
insert into Items value(522,"Maradol papaya- caribbean","Maradol papaya- caribbean  description",29088,1);
insert into Items value(523,"Maradol papaya- red","Maradol papaya- red  description",58697,3);
insert into Items value(524,"Millet","Millet  description",92466,10);
insert into Items value(525,"Mint- orange mint,","Mint- orange mint,  description",19027,9);
insert into Items value(526,"Mizuna- purple streaks,","Mizuna- purple streaks,  description",45347,6);
insert into Items value(527,"Mizuna- green streaks,","Mizuna- green streaks,  description",67341,10);
insert into Items value(528,"Mizuna- red streaked","Mizuna- red streaked  description",43105,8);
insert into Items value(529,"Monarda","Monarda  description",33037,8);
insert into Items value(530,"Mo qua- winter melon","Mo qua- winter melon  description",49335,4);
insert into Items value(531,"Morel mushroom- blacks,","Morel mushroom- blacks,  description",84446,8);
insert into Items value(532,"Morel mushroom- whites","Morel mushroom- whites  description",19222,6);
insert into Items value(533,"Mustard- seed,","Mustard- seed,  description",29759,4);
insert into Items value(534,"Mustard- small wild mustard,","Mustard- small wild mustard,  description",49565,3);
insert into Items value(535,"Mustard- hoary alyssum mustard,","Mustard- hoary alyssum mustard,  description",69465,5);
insert into Items value(536,"Mustard- red giant","Mustard- red giant  description",83093,2);
insert into Items value(537,"Name yam","Name yam  description",96662,8);
insert into Items value(538,"Nasturtium","Nasturtium  description",17522,6);
insert into Items value(539,"Nira (garlic chives)","Nira (garlic chives)  description",79989,10);
insert into Items value(540,"Nectarine- white","Nectarine- white  description",55713,7);
insert into Items value(541,"Nettle","Nettle  description",13752,1);
insert into Items value(542,"Noni","Noni  description",62374,7);
insert into Items value(543,"Nori seaweed","Nori seaweed  description",39250,8);
insert into Items value(544,"Nutmeg","Nutmeg  description",85572,5);
insert into Items value(545,"Nutritional yeast","Nutritional yeast  description",83821,2);
insert into Items value(546,"Oats","Oats  description",24561,1);
insert into Items value(547,"Octopus","Octopus  description",26199,9);
insert into Items value(548,"Okra- burgundy,","Okra- burgundy,  description",67436,7);
insert into Items value(549,"Okra- burmese","Okra- burmese  description",67512,6);
insert into Items value(550,"Olive- black,","Olive- black,  description",50938,5);
insert into Items value(551,"Olive- kalamata","Olive- kalamata  description",78252,10);
insert into Items value(552,"Onion- green onion,","Onion- green onion,  description",31882,10);
insert into Items value(553,"Onion- yellow onion,","Onion- yellow onion,  description",24696,4);
insert into Items value(554,"Onion- red,","Onion- red,  description",96345,6);
insert into Items value(555,"Onion- borrettana,","Onion- borrettana,  description",15602,4);
insert into Items value(556,"Onion- red welsh,","Onion- red welsh,  description",54268,2);
insert into Items value(557,"Onion- tropeana lunga","Onion- tropeana lunga  description",94246,4);
insert into Items value(558,"Orange- navel,","Orange- navel,  description",51548,3);
insert into Items value(559,"Orange- valencia,","Orange- valencia,  description",43479,9);
insert into Items value(560,"Orange- blood,","Orange- blood,  description",42966,3);
insert into Items value(561,"Orange- cara cara","Orange- cara cara  description",56060,2);
insert into Items value(562,"Oregano","Oregano  description",42242,7);
insert into Items value(563,"Oyster mushroom- yellow","Oyster mushroom- yellow  description",31948,1);
insert into Items value(564,"Oyster mushroom-, blue","Oyster mushroom-, blue  description",56173,8);
insert into Items value(565,"Pak choy","Pak choy  description",39533,8);
insert into Items value(566,"Panax ginseng","Panax ginseng  description",68447,4);
insert into Items value(567,"Parsley- italian flat leaf,","Parsley- italian flat leaf,  description",36457,5);
insert into Items value(568,"Parsley- curly leaf,","Parsley- curly leaf,  description",13927,10);
insert into Items value(569,"Parsley- root","Parsley- root  description",86678,7);
insert into Items value(570,"Parsnips- hollow crown","Parsnips- hollow crown  description",50450,1);
insert into Items value(571,"Peaches","Peaches  description",31197,7);
insert into Items value(572,"Peanuts","Peanuts  description",33321,7);
insert into Items value(573,"Pear- green anjou,","Pear- green anjou,  description",35003,1);
insert into Items value(574,"Pear- red anjou,","Pear- red anjou,  description",50590,3);
insert into Items value(575,"Pear- bartlett,","Pear- bartlett,  description",42009,4);
insert into Items value(576,"Pear- bosc","Pear- bosc  description",82326,4);
insert into Items value(577,"Peas- green,","Peas- green,  description",58522,9);
insert into Items value(578,"Peas- yellow,","Peas- yellow,  description",98639,2);
insert into Items value(579,"Peas- sugar snap,","Peas- sugar snap,  description",58855,8);
insert into Items value(580,"Peas- cascadia snow pea,","Peas- cascadia snow pea,  description",79768,1);
insert into Items value(581,"Peas- avalanche snow pea","Peas- avalanche snow pea  description",23042,2);
insert into Items value(582,"Pecan","Pecan  description",17529,4);
insert into Items value(583,"Pepino melon","Pepino melon  description",80672,2);
insert into Items value(584,"Pepper (black)","Pepper (black)  description",90552,10);
insert into Items value(585,"Peppermint","Peppermint  description",89720,6);
insert into Items value(586,"Persimmon- hachiya","Persimmon- hachiya  description",11962,9);
insert into Items value(587,"Pineapple","Pineapple  description",66177,10);
insert into Items value(588,"Pizza","Pizza Description",96877,10);

insert into Prices value(200,'2017-8-24',0.46,338,7);
insert into Prices value(201,'2018-10-15',2.67,473,10);
insert into Prices value(202,'2018-11-18',4.28,315,5);
insert into Prices value(203,'2019-12-10',12.86,316,4);
insert into Prices value(204,'2019-7-12',1.4,309,10);
insert into Prices value(205,'2018-6-8',15.73,368,4);
insert into Prices value(206,'2018-3-11',15.94,384,6);
insert into Prices value(207,'2018-12-10',12.17,428,10);
insert into Prices value(208,'2018-8-11',1.39,440,5);
insert into Prices value(209,'2018-1-17',1.1,334,10);
insert into Prices value(210,'2017-11-2',6.9,458,8);
insert into Prices value(211,'2017-2-7',15.37,461,1);
insert into Prices value(212,'2019-7-24',10.84,410,9);
insert into Prices value(213,'2017-9-21',0.16,356,3);
insert into Prices value(214,'2017-8-3',6.57,467,7);
insert into Prices value(215,'2018-9-1',2.27,377,7);
insert into Prices value(216,'2018-9-11',8.95,357,8);
insert into Prices value(217,'2017-9-15',12.5,310,4);
insert into Prices value(218,'2018-1-10',6.55,416,4);
insert into Prices value(219,'2018-1-28',9.3,306,8);
insert into Prices value(220,'2019-3-9',9.67,454,6);
insert into Prices value(221,'2019-4-23',3.87,306,9);
insert into Prices value(222,'2017-8-21',4.43,426,5);
insert into Prices value(223,'2019-2-16',9.50,369,4);
insert into Prices value(224,'2019-9-15',10.69,497,6);
insert into Prices value(225,'2019-2-2',9.65,492,2);
insert into Prices value(226,'2018-3-15',1.50,446,7);
insert into Prices value(227,'2019-6-11',6.46,387,9);
insert into Prices value(228,'2019-10-26',10.94,466,6);
insert into Prices value(229,'2019-7-26',7.65,314,9);
insert into Prices value(230,'2019-4-5',11.84,414,10);
insert into Prices value(231,'2017-10-13',0.61,367,1);
insert into Prices value(232,'2019-7-4',14.79,384,2);
insert into Prices value(233,'2019-9-24',9.27,349,7);
insert into Prices value(234,'2017-4-20',9.36,409,6);
insert into Prices value(235,'2017-12-3',1.0,350,8);
insert into Prices value(236,'2017-12-24',7.94,359,5);
insert into Prices value(237,'2019-6-20',4.41,426,2);
insert into Prices value(238,'2017-10-2',7.53,325,7);
insert into Prices value(239,'2018-9-10',8.69,369,9);
insert into Prices value(240,'2017-1-20',13.46,305,2);
insert into Prices value(241,'2018-4-15',6.70,368,5);
insert into Prices value(242,'2017-1-19',11.88,460,6);
insert into Prices value(243,'2018-7-14',6.54,383,10);
insert into Prices value(244,'2017-12-19',12.48,459,6);
insert into Prices value(245,'2017-10-11',0.46,310,6);
insert into Prices value(246,'2019-1-3',4.89,344,8);
insert into Prices value(247,'2017-12-8',14.11,334,5);
insert into Prices value(248,'2017-9-12',6.75,464,3);
insert into Prices value(249,'2017-3-3',15.72,466,8);
insert into Prices value(250,'2017-1-16',11.20,314,9);
insert into Prices value(251,'2019-7-8',1.25,450,7);
insert into Prices value(252,'2018-3-24',15.70,485,1);
insert into Prices value(253,'2018-9-21',3.56,386,10);
insert into Prices value(254,'2018-5-14',2.27,332,7);
insert into Prices value(255,'2017-10-27',10.49,385,2);
insert into Prices value(256,'2019-9-26',0.72,430,4);
insert into Prices value(257,'2019-10-19',5.35,320,5);
insert into Prices value(258,'2017-9-14',7.42,463,4);
insert into Prices value(259,'2017-9-13',0.56,323,2);
insert into Prices value(260,'2017-11-15',6.69,310,2);
insert into Prices value(261,'2019-11-18',1.46,352,5);
insert into Prices value(262,'2019-5-27',2.28,470,3);
insert into Prices value(263,'2018-1-4',9.15,455,8);
insert into Prices value(264,'2019-1-4',6.42,308,7);
insert into Prices value(265,'2018-7-10',13.42,431,3);
insert into Prices value(266,'2018-12-8',12.12,338,2);
insert into Prices value(267,'2017-10-1',7.39,317,6);
insert into Prices value(268,'2019-4-20',11.52,401,2);
insert into Prices value(269,'2017-9-16',15.77,495,2);
insert into Prices value(270,'2018-3-11',2.67,395,5);
insert into Prices value(271,'2018-7-16',0.44,437,7);
insert into Prices value(272,'2018-5-2',4.1,345,2);
insert into Prices value(273,'2017-5-16',7.50,302,10);
insert into Prices value(274,'2018-2-12',10.79,354,10);
insert into Prices value(275,'2019-8-2',6.0,380,10);
insert into Prices value(276,'2018-11-2',13.72,322,10);
insert into Prices value(277,'2017-2-7',14.16,320,8);
insert into Prices value(278,'2018-2-13',10.17,305,6);
insert into Prices value(279,'2017-8-7',5.54,448,5);
insert into Prices value(280,'2019-9-20',9.7,362,7);
insert into Prices value(281,'2019-6-23',14.7,346,3);
insert into Prices value(282,'2017-3-27',14.36,388,6);
insert into Prices value(283,'2018-6-23',15.55,387,8);
insert into Prices value(284,'2018-7-23',4.86,371,1);
insert into Prices value(285,'2017-7-6',5.2,491,10);
insert into Prices value(286,'2019-6-1',13.12,352,8);
insert into Prices value(287,'2018-7-20',4.82,337,4);
insert into Prices value(288,'2018-7-25',6.64,359,5);
insert into Prices value(289,'2018-8-15',13.48,361,4);
insert into Prices value(290,'2017-8-11',15.90,458,4);
insert into Prices value(291,'2019-7-12',9.78,354,7);
insert into Prices value(292,'2018-5-13',7.72,311,2);
insert into Prices value(293,'2017-10-22',7.37,386,1);
insert into Prices value(294,'2018-8-7',15.14,326,7);
insert into Prices value(295,'2017-8-11',8.96,360,3);
insert into Prices value(296,'2018-3-18',5.33,475,8);
insert into Prices value(297,'2018-11-20',0.95,457,1);
insert into Prices value(298,'2018-3-19',9.39,329,2);
insert into Prices value(299,'2017-12-21',13.87,469,3);
insert into Prices value(300,'2017-9-11',15.32,370,6);
insert into Prices value(301,'2018-5-22',12.34,491,2);
insert into Prices value(302,'2017-4-14',10.27,381,7);
insert into Prices value(303,'2018-4-22',9.32,431,4);
insert into Prices value(304,'2017-10-6',15.32,399,4);
insert into Prices value(305,'2018-1-3',11.9,368,7);
insert into Prices value(306,'2018-6-8',5.66,366,7);
insert into Prices value(307,'2017-1-13',3.14,319,6);
insert into Prices value(308,'2017-2-22',9.56,404,4);
insert into Prices value(309,'2019-10-1',1.89,321,5);
insert into Prices value(310,'2019-3-17',3.74,422,9);
insert into Prices value(311,'2019-2-8',14.28,471,1);
insert into Prices value(312,'2017-5-12',4.82,459,10);
insert into Prices value(313,'2019-12-18',2.87,457,8);
insert into Prices value(314,'2017-8-13',14.1,487,6);
insert into Prices value(315,'2017-11-10',7.43,349,10);
insert into Prices value(316,'2018-4-27',4.87,465,10);
insert into Prices value(317,'2019-1-3',15.42,478,1);
insert into Prices value(318,'2017-6-3',0.26,340,4);
insert into Prices value(319,'2019-8-2',0.10,457,10);
insert into Prices value(320,'2018-1-16',6.98,375,9);
insert into Prices value(321,'2018-11-27',14.52,454,9);
insert into Prices value(322,'2017-2-18',1.17,455,2);
insert into Prices value(323,'2017-1-21',6.44,424,6);
insert into Prices value(324,'2019-8-4',14.59,476,10);
insert into Prices value(325,'2017-7-25',9.93,446,5);
insert into Prices value(326,'2018-3-3',4.51,396,4);
insert into Prices value(327,'2017-5-6',12.57,500,5);
insert into Prices value(328,'2019-4-13',5.39,415,4);
insert into Prices value(329,'2018-9-25',9.77,447,5);
insert into Prices value(330,'2018-7-4',2.21,495,8);
insert into Prices value(331,'2017-8-8',6.0,405,3);
insert into Prices value(332,'2019-3-21',4.85,442,7);
insert into Prices value(333,'2018-3-21',1.40,362,5);
insert into Prices value(334,'2019-5-10',15.47,468,10);
insert into Prices value(335,'2019-11-19',9.75,434,10);
insert into Prices value(336,'2017-11-5',4.46,496,3);
insert into Prices value(337,'2018-6-20',10.8,442,3);
insert into Prices value(338,'2017-9-5',5.17,466,6);
insert into Prices value(339,'2018-10-8',14.68,482,8);
insert into Prices value(340,'2019-2-5',10.77,463,2);
insert into Prices value(341,'2017-12-2',1.33,368,4);
insert into Prices value(342,'2018-12-11',11.11,447,7);
insert into Prices value(343,'2017-12-4',1.54,386,1);
insert into Prices value(344,'2018-3-7',7.49,468,5);
insert into Prices value(345,'2018-6-5',5.29,439,1);
insert into Prices value(346,'2017-4-21',6.76,424,7);
insert into Prices value(347,'2019-11-7',0.63,491,10);
insert into Prices value(348,'2019-10-19',15.97,500,8);
insert into Prices value(349,'2018-3-3',1.30,327,8);
insert into Prices value(350,'2018-6-2',3.99,346,3);
insert into Prices value(351,'2017-11-18',1.73,342,1);
insert into Prices value(352,'2017-9-26',2.68,381,7);
insert into Prices value(353,'2017-3-4',0.7,318,3);
insert into Prices value(354,'2018-8-1',9.95,357,1);
insert into Prices value(355,'2017-11-8',15.97,315,2);
insert into Prices value(356,'2018-12-12',4.53,384,8);
insert into Prices value(357,'2017-12-12',0.73,376,9);
insert into Prices value(358,'2018-9-21',13.75,311,5);
insert into Prices value(359,'2018-4-15',7.11,500,2);
insert into Prices value(360,'2017-2-15',8.78,321,5);
insert into Prices value(361,'2019-1-25',0.17,458,1);
insert into Prices value(362,'2018-3-27',0.86,362,9);
insert into Prices value(363,'2019-11-6',6.97,477,8);
insert into Prices value(364,'2017-10-14',7.31,326,9);
insert into Prices value(365,'2018-3-4',13.42,442,1);
insert into Prices value(366,'2019-7-8',7.12,317,8);
insert into Prices value(367,'2018-11-23',2.31,476,6);
insert into Prices value(368,'2019-10-26',11.49,330,8);
insert into Prices value(369,'2017-10-11',4.88,318,8);
insert into Prices value(370,'2018-10-15',5.13,317,2);
insert into Prices value(371,'2019-7-17',2.1,499,8);
insert into Prices value(372,'2019-6-28',1.22,462,5);
insert into Prices value(373,'2017-11-13',11.51,374,7);
insert into Prices value(374,'2019-12-26',2.27,380,5);
insert into Prices value(375,'2017-9-18',14.69,417,7);
insert into Prices value(376,'2019-3-11',5.51,309,1);
insert into Prices value(377,'2017-9-26',8.58,344,2);
insert into Prices value(378,'2019-11-7',10.42,486,10);
insert into Prices value(379,'2019-3-27',7.45,358,1);
insert into Prices value(380,'2017-5-14',15.33,477,3);
insert into Prices value(381,'2019-1-13',12.52,499,7);
insert into Prices value(382,'2019-5-23',1.23,453,10);
insert into Prices value(383,'2019-5-5',2.13,413,4);
insert into Prices value(384,'2018-12-21',3.82,345,9);
insert into Prices value(385,'2017-8-15',6.71,375,2);
insert into Prices value(386,'2018-3-17',15.62,467,10);
insert into Prices value(387,'2017-1-5',10.9,429,5);
insert into Prices value(388,'2017-7-11',6.52,387,5);
insert into Prices value(389,'2017-8-26',3.65,334,10);
insert into Prices value(390,'2018-5-13',11.99,366,3);
insert into Prices value(391,'2017-4-10',8.14,403,3);
insert into Prices value(392,'2019-10-23',6.32,302,4);
insert into Prices value(393,'2017-6-25',9.47,458,7);
insert into Prices value(394,'2017-7-27',4.24,356,2);
insert into Prices value(395,'2019-11-1',12.85,393,8);
insert into Prices value(396,'2019-10-11',4.42,453,7);
insert into Prices value(397,'2018-1-10',3.52,444,1);
insert into Prices value(398,'2017-1-25',8.67,340,4);
insert into Prices value(399,'2019-5-6',3.49,362,3);
insert into Prices value(400,'2019-8-15',8.95,320,6);
insert into Prices value(401,'2017-11-5',5.49,343,8);
insert into Prices value(402,'2017-8-13',13.27,466,8);
insert into Prices value(403,'2018-1-5',7.46,474,1);
insert into Prices value(404,'2018-1-11',2.94,351,10);
insert into Prices value(405,'2017-6-13',5.97,403,6);
insert into Prices value(406,'2018-6-26',7.39,467,9);
insert into Prices value(407,'2019-10-23',12.26,424,6);
insert into Prices value(408,'2017-7-9',10.34,304,8);
insert into Prices value(409,'2019-9-9',13.78,342,10);
insert into Prices value(410,'2017-9-9',11.37,348,6);
insert into Prices value(411,'2018-4-14',14.15,465,6);
insert into Prices value(412,'2018-6-24',12.98,317,5);
insert into Prices value(413,'2017-4-23',1.45,424,9);
insert into Prices value(414,'2019-8-26',3.92,491,10);
insert into Prices value(415,'2017-3-14',5.35,412,1);
insert into Prices value(416,'2019-5-28',6.84,343,9);
insert into Prices value(417,'2019-5-4',8.42,472,1);
insert into Prices value(418,'2018-7-8',10.93,374,3);
insert into Prices value(419,'2018-6-19',4.67,484,6);
insert into Prices value(420,'2017-6-25',7.80,500,2);
insert into Prices value(421,'2018-11-6',4.1,495,4);
insert into Prices value(422,'2017-2-26',8.65,418,5);
insert into Prices value(423,'2018-8-10',14.48,413,8);
insert into Prices value(424,'2018-2-23',5.81,395,4);
insert into Prices value(425,'2019-6-22',8.44,470,4);
insert into Prices value(426,'2018-10-13',10.24,403,10);
insert into Prices value(427,'2018-1-8',0.86,453,5);
insert into Prices value(428,'2018-6-20',7.18,436,4);
insert into Prices value(429,'2018-8-25',11.59,347,7);
insert into Prices value(430,'2018-5-20',0.54,345,10);
insert into Prices value(431,'2019-12-28',5.32,420,2);
insert into Prices value(432,'2018-5-3',11.3,406,9);
insert into Prices value(433,'2017-4-6',5.24,310,10);
insert into Prices value(434,'2017-6-12',12.30,327,9);
insert into Prices value(435,'2018-10-11',2.80,403,4);
insert into Prices value(436,'2018-3-1',6.37,360,4);
insert into Prices value(437,'2017-10-27',2.64,360,9);
insert into Prices value(438,'2018-3-19',11.13,341,7);
insert into Prices value(439,'2017-2-5',9.31,437,7);
insert into Prices value(440,'2018-5-23',3.51,369,9);
insert into Prices value(441,'2018-3-26',13.82,485,3);
insert into Prices value(442,'2018-7-4',7.68,379,8);
insert into Prices value(443,'2017-8-1',10.5,494,1);
insert into Prices value(444,'2017-1-13',13.29,381,5);
insert into Prices value(445,'2018-6-1',5.31,334,1);
insert into Prices value(446,'2017-9-9',1.43,399,6);
insert into Prices value(447,'2017-11-13',0.43,336,3);
insert into Prices value(448,'2017-8-28',9.34,492,4);
insert into Prices value(449,'2017-12-27',12.88,417,8);
insert into Prices value(450,'2019-7-17',5.97,351,9);
insert into Prices value(451,'2019-4-21',10.96,484,9);
insert into Prices value(452,'2017-11-20',7.17,484,5);
insert into Prices value(453,'2018-1-7',14.36,307,8);
insert into Prices value(454,'2019-6-15',9.35,471,9);
insert into Prices value(455,'2017-12-4',5.81,396,2);
insert into Prices value(456,'2017-4-21',3.16,493,6);
insert into Prices value(457,'2019-5-5',0.11,413,3);
insert into Prices value(458,'2019-11-28',0.91,345,10);
insert into Prices value(459,'2018-1-4',2.29,400,5);
insert into Prices value(460,'2019-1-22',14.15,356,9);
insert into Prices value(461,'2018-5-18',11.84,356,5);
insert into Prices value(462,'2018-1-14',12.35,406,2);
insert into Prices value(463,'2019-12-9',12.30,385,4);
insert into Prices value(464,'2018-12-24',2.20,341,9);
insert into Prices value(465,'2017-6-17',0.29,329,5);
insert into Prices value(466,'2019-12-18',12.2,481,1);
insert into Prices value(467,'2019-5-18',15.92,466,8);
insert into Prices value(468,'2017-9-1',6.41,306,10);
insert into Prices value(469,'2017-10-6',11.77,398,9);
insert into Prices value(470,'2018-1-15',11.28,461,6);
insert into Prices value(471,'2018-6-3',1.24,367,8);
insert into Prices value(472,'2019-2-2',12.93,326,4);
insert into Prices value(473,'2018-4-18',0.73,482,7);
insert into Prices value(474,'2017-12-26',11.36,397,7);
insert into Prices value(475,'2019-10-14',12.9,380,4);
insert into Prices value(476,'2018-8-18',14.24,368,6);
insert into Prices value(477,'2017-9-17',6.42,387,2);
insert into Prices value(478,'2017-2-7',0.44,308,1);
insert into Prices value(479,'2018-5-18',8.99,458,5);
insert into Prices value(480,'2018-5-20',11.36,312,3);
insert into Prices value(481,'2017-6-19',1.69,449,2);
insert into Prices value(482,'2017-2-9',3.27,367,10);
insert into Prices value(483,'2017-4-13',1.0,419,4);
insert into Prices value(484,'2018-8-28',5.67,346,1);
insert into Prices value(485,'2018-2-8',1.47,393,7);
insert into Prices value(486,'2017-12-2',11.17,381,3);
insert into Prices value(487,'2019-1-28',5.74,329,10);
insert into Prices value(488,'2019-7-21',7.53,483,2);
insert into Prices value(489,'2017-3-11',11.65,445,5);
insert into Prices value(490,'2018-4-8',1.59,420,5);
insert into Prices value(491,'2018-8-9',13.2,473,9);
insert into Prices value(492,'2017-8-25',15.90,471,5);
insert into Prices value(493,'2018-6-19',10.41,359,2);
insert into Prices value(494,'2017-11-19',8.29,304,5);
insert into Prices value(495,'2017-9-6',6.63,448,4);
insert into Prices value(496,'2018-2-8',5.44,369,9);
insert into Prices value(497,'2019-7-18',0.70,451,10);
insert into Prices value(498,'2017-1-7',15.87,383,2);
insert into Prices value(499,'2018-2-3',14.86,465,3);
insert into Prices value(500,'2018-5-26',6.54,493,2);
insert into Prices value(501,'2019-10-6',4.20,373,5);
insert into Prices value(502,'2017-1-11',6.71,499,1);
insert into Prices value(503,'2018-6-25',12.93,424,4);
insert into Prices value(504,'2019-6-7',9.77,412,4);
insert into Prices value(505,'2019-7-8',0.62,405,5);
insert into Prices value(506,'2017-10-22',7.45,353,1);
insert into Prices value(507,'2019-6-25',6.33,311,1);
insert into Prices value(508,'2018-12-17',0.57,443,5);
insert into Prices value(509,'2017-7-24',1.82,379,1);
insert into Prices value(510,'2019-1-7',15.93,438,7);
insert into Prices value(511,'2017-9-6',13.10,328,5);
insert into Prices value(512,'2018-8-12',13.5,432,5);
insert into Prices value(513,'2017-7-25',9.60,442,8);
insert into Prices value(514,'2018-3-14',10.75,457,4);
insert into Prices value(515,'2018-11-9',10.60,397,8);
insert into Prices value(516,'2019-11-21',1.40,304,6);
insert into Prices value(517,'2017-8-15',14.93,455,10);
insert into Prices value(518,'2018-12-15',3.28,386,9);
insert into Prices value(519,'2019-4-21',8.50,347,7);
insert into Prices value(520,'2018-3-25',3.92,360,1);
insert into Prices value(521,'2017-8-12',15.86,352,10);
insert into Prices value(522,'2018-9-25',5.67,423,9);
insert into Prices value(523,'2018-1-7',8.80,334,9);
insert into Prices value(524,'2019-1-28',2.2,381,2);
insert into Prices value(525,'2017-4-12',13.36,485,5);
insert into Prices value(526,'2017-5-19',9.72,471,6);
insert into Prices value(527,'2017-6-27',6.67,399,7);
insert into Prices value(528,'2018-5-24',13.54,428,10);
insert into Prices value(529,'2019-11-3',9.5,433,2);
insert into Prices value(530,'2017-2-5',7.47,393,4);
insert into Prices value(531,'2018-12-24',14.71,402,2);
insert into Prices value(532,'2018-7-8',2.52,495,10);
insert into Prices value(533,'2017-5-5',15.8,487,7);
insert into Prices value(534,'2019-8-1',6.28,409,9);
insert into Prices value(535,'2019-5-19',10.71,454,5);
insert into Prices value(536,'2019-8-2',10.60,300,4);
insert into Prices value(537,'2019-3-4',13.75,475,7);
insert into Prices value(538,'2018-1-22',3.38,399,5);
insert into Prices value(539,'2017-12-27',3.73,345,2);
insert into Prices value(540,'2017-3-2',10.88,343,3);
insert into Prices value(541,'2018-12-13',7.32,471,5);
insert into Prices value(542,'2018-6-12',11.71,306,10);
insert into Prices value(543,'2019-8-22',13.90,426,3);
insert into Prices value(544,'2017-6-10',14.8,466,6);
insert into Prices value(545,'2019-5-17',13.12,375,7);
insert into Prices value(546,'2019-6-16',8.10,392,5);
insert into Prices value(547,'2017-2-12',7.25,322,5);
insert into Prices value(548,'2018-4-17',8.80,329,2);
insert into Prices value(549,'2017-9-6',9.91,353,3);
insert into Prices value(550,'2019-4-15',4.97,322,4);
insert into Prices value(551,'2018-9-1',8.93,457,9);
insert into Prices value(552,'2017-7-15',13.23,405,9);
insert into Prices value(553,'2019-7-17',15.84,422,9);
insert into Prices value(554,'2017-11-18',8.47,457,5);
insert into Prices value(555,'2019-3-8',3.11,347,5);
insert into Prices value(556,'2018-9-11',7.39,484,5);
insert into Prices value(557,'2018-1-5',1.87,446,10);
insert into Prices value(558,'2019-7-14',7.67,300,4);
insert into Prices value(559,'2019-7-20',8.9,477,4);
insert into Prices value(560,'2017-4-11',11.7,476,4);
insert into Prices value(561,'2018-1-24',14.16,365,6);
insert into Prices value(562,'2018-7-2',4.35,300,9);
insert into Prices value(563,'2018-2-5',6.71,311,2);
insert into Prices value(564,'2019-7-9',15.8,375,4);
insert into Prices value(565,'2017-11-21',14.16,421,3);
insert into Prices value(566,'2018-9-17',2.15,460,10);
insert into Prices value(567,'2017-2-9',13.99,412,6);
insert into Prices value(568,'2018-7-14',15.59,366,9);
insert into Prices value(569,'2019-2-21',15.41,330,5);
insert into Prices value(570,'2017-2-20',3.28,481,6);
insert into Prices value(571,'2019-1-1',6.62,475,9);
insert into Prices value(572,'2018-8-21',7.24,347,6);
insert into Prices value(573,'2017-2-5',4.18,475,10);
insert into Prices value(574,'2019-7-3',3.5,334,4);
insert into Prices value(575,'2018-6-16',9.30,346,2);
insert into Prices value(576,'2019-4-4',8.40,342,5);
insert into Prices value(577,'2018-3-21',13.97,308,10);
insert into Prices value(578,'2018-8-27',2.52,366,7);
insert into Prices value(579,'2017-9-10',13.20,353,3);
insert into Prices value(580,'2019-6-11',15.2,472,5);
insert into Prices value(581,'2019-10-3',10.35,306,3);
insert into Prices value(582,'2018-6-28',13.98,417,9);
insert into Prices value(583,'2018-7-8',6.31,357,5);
insert into Prices value(584,'2019-11-1',2.38,494,2);
insert into Prices value(585,'2017-10-23',4.7,474,9);
insert into Prices value(586,'2017-2-20',13.89,439,2);
insert into Prices value(587,'2019-9-24',7.97,421,7);
insert into Prices value(588,'2019-7-20',6.59,340,9);
insert into Prices value(589,'2018-8-4',8.66,369,1);
insert into Prices value(590,'2018-12-25',15.96,480,8);
insert into Prices value(591,'2019-10-1',15.88,439,4);
insert into Prices value(592,'2018-12-11',9.44,411,7);
insert into Prices value(593,'2018-6-7',15.83,349,9);
insert into Prices value(594,'2017-5-27',2.79,456,2);
insert into Prices value(595,'2018-2-17',2.4,449,7);
insert into Prices value(596,'2019-2-3',8.65,432,6);
insert into Prices value(597,'2017-7-19',5.39,388,2);
insert into Prices value(598,'2019-1-28',14.83,379,3);
insert into Prices value(599,'2019-1-5',13.2,412,4);
insert into Prices value(600,'2018-11-12',8.38,334,4);
insert into Prices value(601,'2017-11-26',6.23,388,8);
insert into Prices value(602,'2018-8-3',1.56,375,10);
insert into Prices value(603,'2018-10-1',10.58,358,7);
insert into Prices value(604,'2019-1-24',12.66,335,10);
insert into Prices value(605,'2019-1-10',12.6,406,6);
insert into Prices value(606,'2017-5-4',13.45,387,5);
insert into Prices value(607,'2018-9-19',5.58,421,7);
insert into Prices value(608,'2019-11-25',8.45,484,6);
insert into Prices value(609,'2017-4-2',13.59,425,4);
insert into Prices value(610,'2018-5-12',10.65,331,6);
insert into Prices value(611,'2018-3-1',2.2,457,7);
insert into Prices value(612,'2017-4-22',9.64,449,9);
insert into Prices value(613,'2019-10-18',11.44,349,6);
insert into Prices value(614,'2019-2-8',12.82,414,1);
insert into Prices value(615,'2017-1-20',14.93,302,6);
insert into Prices value(616,'2018-6-28',13.57,423,7);
insert into Prices value(617,'2017-10-9',1.78,334,8);
insert into Prices value(618,'2018-5-27',13.23,342,6);
insert into Prices value(619,'2017-5-15',10.66,364,3);
insert into Prices value(620,'2017-6-11',1.36,444,2);
insert into Prices value(621,'2017-8-9',7.51,481,9);
insert into Prices value(622,'2018-7-2',14.56,452,9);
insert into Prices value(623,'2019-2-18',1.96,355,9);
insert into Prices value(624,'2017-4-23',9.86,418,5);
insert into Prices value(625,'2018-11-9',9.62,442,4);
insert into Prices value(626,'2018-10-21',7.90,319,7);
insert into Prices value(627,'2017-9-1',7.81,354,2);
insert into Prices value(628,'2017-7-6',5.69,456,5);
insert into Prices value(629,'2017-2-25',2.68,476,1);
insert into Prices value(630,'2019-12-14',13.50,323,9);
insert into Prices value(631,'2018-5-4',2.88,360,1);
insert into Prices value(632,'2018-2-6',11.26,421,5);
insert into Prices value(633,'2019-4-21',11.58,447,7);
insert into Prices value(634,'2018-8-10',5.1,354,2);
insert into Prices value(635,'2019-4-23',3.1,385,2);
insert into Prices value(636,'2019-1-14',2.73,419,2);
insert into Prices value(637,'2019-3-24',5.87,431,5);
insert into Prices value(638,'2018-7-4',0.69,432,7);
insert into Prices value(639,'2019-11-8',15.46,354,3);
insert into Prices value(640,'2017-7-13',6.75,302,4);
insert into Prices value(641,'2019-7-11',13.58,492,1);
insert into Prices value(642,'2019-7-9',4.51,367,1);
insert into Prices value(643,'2017-7-26',5.21,356,2);
insert into Prices value(644,'2017-5-9',1.96,345,2);
insert into Prices value(645,'2018-7-4',3.57,383,4);
insert into Prices value(646,'2018-8-24',1.67,425,8);
insert into Prices value(647,'2019-12-17',0.28,439,2);
insert into Prices value(648,'2019-3-3',9.69,449,1);
insert into Prices value(649,'2017-5-6',2.56,436,2);
insert into Prices value(650,'2017-1-28',13.55,315,7);
insert into Prices value(651,'2017-6-23',13.56,426,2);
insert into Prices value(652,'2019-1-3',7.51,318,10);
insert into Prices value(653,'2018-8-10',13.40,335,1);
insert into Prices value(654,'2018-7-26',9.46,478,3);
insert into Prices value(655,'2019-5-27',15.78,414,5);
insert into Prices value(656,'2019-1-20',11.52,355,3);
insert into Prices value(657,'2019-6-15',12.29,314,4);
insert into Prices value(658,'2018-6-2',5.50,406,10);
insert into Prices value(659,'2017-7-20',15.5,332,7);
insert into Prices value(660,'2019-7-24',7.50,419,4);
insert into Prices value(661,'2019-1-17',1.72,432,8);
insert into Prices value(662,'2019-4-17',9.71,481,3);
insert into Prices value(663,'2017-11-17',15.57,358,1);
insert into Prices value(664,'2017-4-1',13.3,496,5);
insert into Prices value(665,'2017-7-24',8.50,434,3);
insert into Prices value(666,'2018-1-12',13.88,476,10);
insert into Prices value(667,'2017-9-17',10.23,437,5);
insert into Prices value(668,'2018-7-14',0.78,436,6);
insert into Prices value(669,'2018-9-11',7.93,386,10);
insert into Prices value(670,'2018-9-16',8.53,484,3);
insert into Prices value(671,'2019-9-6',2.73,361,3);
insert into Prices value(672,'2019-1-28',7.5,321,9);
insert into Prices value(673,'2019-5-3',12.87,353,9);
insert into Prices value(674,'2017-6-8',15.48,339,10);
insert into Prices value(675,'2017-8-21',15.44,381,1);
insert into Prices value(676,'2018-8-3',3.88,464,8);
insert into Prices value(677,'2018-2-3',6.65,405,4);
insert into Prices value(678,'2017-5-16',4.13,366,4);
insert into Prices value(679,'2018-2-18',13.82,308,4);
insert into Prices value(680,'2019-3-1',8.30,475,6);
insert into Prices value(681,'2019-2-10',10.27,384,3);
insert into Prices value(682,'2019-3-21',7.93,398,4);
insert into Prices value(683,'2018-10-28',10.2,344,9);
insert into Prices value(684,'2018-4-10',13.15,387,7);
insert into Prices value(685,'2019-1-21',0.12,417,3);
insert into Prices value(686,'2018-7-16',4.49,416,8);
insert into Prices value(687,'2017-6-3',12.46,339,2);
insert into Prices value(688,'2017-12-21',11.8,340,4);
insert into Prices value(689,'2017-3-10',13.43,448,8);
insert into Prices value(690,'2018-1-14',12.23,456,5);
insert into Prices value(691,'2018-2-24',1.9,481,10);
insert into Prices value(692,'2019-9-14',7.82,328,6);
insert into Prices value(693,'2018-10-17',8.5,472,5);
insert into Prices value(694,'2019-2-17',9.38,326,6);
insert into Prices value(695,'2018-12-15',10.87,359,5);
insert into Prices value(696,'2017-8-21',10.85,436,2);
insert into Prices value(697,'2018-6-21',1.7,400,6);
insert into Prices value(698,'2019-7-28',10.62,396,5);
insert into Prices value(699,'2019-7-1',12.76,312,10);

