/*
drop Table Prices;
drop table Inventory;
drop table Items;
drop table Stores;
*/

/*
CREATE TABLE Stores(
store_id INTEGER AUTO_INCREMENT not NULL,
name CHAR(50) not NULL,
address char(50) default NULL,
PRIMARY KEY(store_id));

CREATE TABLE Items(
item_id INTEGER AUTO_INCREMENT,
name CHAR(50) not NULL,
description CHAR(100) default NULL,
barcode CHAR(32) default NULL,
PRIMARY KEY(item_id));

CREATE TABLE Prices(
price_id INTEGER ,
time DATETIME not NULL,
price REAL not NULL,
item_id INTEGER not NULL,
store_id INTEGER not NULL,
FOREIGN KEY(item_id) REFERENCES Items(item_id),
FOREIGN KEY(store_id) REFERENCES Stores(store_id),
PRIMARY KEY(price_id));

CREATE TABLE Inventory(
store_id INTEGER not NULL,
item_id INTEGER not NULL,
FOREIGN KEY(store_id) REFERENCES Stores(store_id),
FOREIGN KEY(item_id) REFERENCES Items(item_id),
PRIMARY KEY(store_id, item_id));
*/

insert into Stores value(111,"West Side Market","276 W. 4th St.","New York","NY",-74.003552,40.7358808);
insert into Stores value(112,"Pheobes","55 E 5 St.","New York","NY",-73.9907253,40.72762);
insert into Stores value(113,"Kmart","201 Astore Pl.","New York","NY",-73.9900823,40.7295681);
insert into Stores value(114,"Walgreens","32 Astor Place","New York","NY",-73.9915756,40.7298852);
insert into Stores value(115,"Boston Market","240 E. Houston St.","New York","NY",-73.9958775,40.7252985);
insert into Stores value(116,"Independent Super & Co.","176 8th St.","New York","NY",-73.9926901,40.7306163);
insert into Stores value(117,"Frankies Kitchen","41 Cooper Sq.","New York","NY",-73.9902272,40.728544);
insert into Stores value(118,"Moishes Bakery","110 E4th St.","New York","NY",-73.9883729,40.7256568);
insert into Stores value(119,"B&H","22 E 5th St.","New York","NY",-73.9797155,40.7228841);
insert into Stores value(120,"Whole Foods ","22 1st Ave","New York","NY",-73.9879038,40.7235607);
insert into Stores value(121,"Rite Aid","11 W. 6th St.","New York","NY",-73.9942992,40.6752626);
insert into Stores value(122,"Bodega on the Corner","79 E 11th St.","New York","NY",-73.9919769,40.7328325);

insert into Items value(300,"Coke","Coke  description",45269,2);
insert into Items value(301,"Pepsi","Pepsi  description",15597,7);
insert into Items value(302,"Dr. Pepper","Dr. Pepper  description",68914,4);
insert into Items value(303,"Lemonade","Lemonade  description",21823,9);
insert into Items value(304,"Poland Spring Water","Poland Spring Water  description",99194,9);
insert into Items value(305,"Paper Plates","Paper Plates  description",78449,9);
insert into Items value(306,"Cups","Cups  description",38797,3);
insert into Items value(307,"Forks","Forks  description",30782,10);
insert into Items value(308,"Hershey Bar","Hershey Bar  description",74422,5);
insert into Items value(309,"Chicken","Chicken  description",57681,2);
insert into Items value(310,"Beef","Beef  description",13226,9);
insert into Items value(311,"Croutons","Croutons  description",33895,2);
insert into Items value(312,"White Bread","White Bread  description",12811,10);
insert into Items value(313,"Pumpernickel Bread","Pumpernickel Bread  description",72961,7);
insert into Items value(314,"Rye Bread","Rye Bread  description",52801,4);
insert into Items value(315,"Milk","Milk  description",26235,8);
insert into Items value(316,"Pita","Pita  description",30886,7);
insert into Items value(317,"Seeded Rye Bread","Seeded Rye Bread  description",12822,7);
insert into Items value(318,"Rice","Rice  description",28022,7);
insert into Items value(319,"Yellow Rice","Yellow Rice  description",33154,1);
insert into Items value(320,"Brown Rice","Brown Rice  description",74475,5);
insert into Items value(321,"Fettucini","Fettucini  description",78858,8);
insert into Items value(322,"Ziti","Ziti  description",99250,2);
insert into Items value(323,"Penne","Penne  description",56706,6);
insert into Items value(324,"Lasagna Noodles","Lasagna Noodles  description",40158,10);
insert into Items value(325,"Pork","Pork  description",27937,6);
insert into Items value(326,"Paper Towels","Paper Towels  description",34964,8);
insert into Items value(327,"Aluminum Foil","Aluminum Foil  description",98934,2);
insert into Items value(328,"Aluminum Pans","Aluminum Pans  description",48052,6);
insert into Items value(329,"Candles (72 Count)","Candles (72 Count)  description",97554,7);
insert into Items value(330,"Candles (36 Count)","Candles (36 Count)  description",72828,3);
insert into Items value(331,"Potatoe Chips","Potatoe Chips  description",21275,8);
insert into Items value(332,"BBQ Potato Chips","BBQ Potato Chips  description",71276,7);
insert into Items value(333,"Ketchup Chips","Ketchup Chips  description",27805,5);
insert into Items value(334,"Tortilla Chips","Tortilla Chips  description",78547,6);
insert into Items value(335,"Oreos","Oreos  description",23509,1);
insert into Items value(336,"Duble Stuf Oreos","Duble Stuf Oreos  description",48869,5);
insert into Items value(337,"Knockoff Oreros","Knockoff Oreros  description",53599,4);
insert into Items value(338,"Cheeze Its","Cheeze Its  description",36115,9);
insert into Items value(339,"Pringles","Pringles  description",71375,2);
insert into Items value(340,"Cheddar Pringles","Cheddar Pringles  description",81075,5);
insert into Items value(341,"Sour Cream & Onion Pringles ","Sour Cream & Onion Pringles   description",29956,4);
insert into Items value(342,"Spicy chips","Spicy chips  description",55435,7);
insert into Items value(343,"Spicy Pringles","Spicy Pringles  description",49131,4);
insert into Items value(344,"Apple - FiJI","Apple - FiJI  description",65065,7);
insert into Items value(345,"Acai berry","Acai berry  description",28367,10);
insert into Items value(346,"Adzuki bean","Adzuki bean  description",83044,1);
insert into Items value(347,"Almonds","Almonds  description",37730,1);
insert into Items value(348,"Anchovy","Anchovy  description",36014,3);
insert into Items value(349,"Apple- red delicious","Apple- red delicious  description",61213,3);
insert into Items value(350,"Apple - fuji","Apple - fuji  description",67863,4);
insert into Items value(351,"Apple -  ida red","Apple -  ida red  description",86400,10);
insert into Items value(352,"Apple -  granny smith","Apple -  granny smith  description",76371,9);
insert into Items value(353,"Apple -  pink lady","Apple -  pink lady  description",48979,3);
insert into Items value(354,"Apple -  macintosh","Apple -  macintosh  description",43473,10);
insert into Items value(355,"Apple -  golden delicious","Apple -  golden delicious  description",87941,1);
insert into Items value(356,"Apple -  honey crisp","Apple -  honey crisp  description",63877,9);
insert into Items value(357,"Apple -  gala","Apple -  gala  description",85389,10);
insert into Items value(358,"Apple -  jonagold","Apple -  jonagold  description",81893,3);
insert into Items value(359,"Apple -  ruby frost","Apple -  ruby frost  description",54411,2);
insert into Items value(360,"Apple -  honey gold","Apple -  honey gold  description",25585,10);
insert into Items value(361,"Apple -  wolf river","Apple -  wolf river  description",24550,8);
insert into Items value(362,"Apple -  prarie spy","Apple -  prarie spy  description",98049,6);
insert into Items value(363,"Apple -  northern spy","Apple -  northern spy  description",71422,4);
insert into Items value(364,"Apple -  honey sweet","Apple -  honey sweet  description",65571,9);
insert into Items value(365,"Apricot","Apricot  description",95299,1);
insert into Items value(366,"Artichoke- green globe","Artichoke- green globe  description",74850,1);
insert into Items value(367,"Arugula","Arugula  description",68813,6);
insert into Items value(368,"Asian pear- new century","Asian pear- new century  description",16075,10);
insert into Items value(369,"Asian pear- hosui","Asian pear- hosui  description",41346,5);
insert into Items value(370,"Asparagus – Jersey Knight","Asparagus – Jersey Knight  description",14748,6);
insert into Items value(371,"Asparagus – Martha Washington","Asparagus – Martha Washington  description",80415,2);
insert into Items value(372,"Asparagus – purple passion","Asparagus – purple passion  description",99488,8);
insert into Items value(373,"Autumn olive","Autumn olive  description",41601,10);
insert into Items value(374,"Avocado- Haas, fuerte","Avocado- Haas, fuerte  description",96619,1);
insert into Items value(375,"Banana- red ecuador","Banana- red ecuador  description",27869,5);
insert into Items value(376,"Banana- standard yellow cavendish","Banana- standard yellow cavendish  description",84263,8);
insert into Items value(377,"Basil- Genovese","Basil- Genovese  description",59574,8);
insert into Items value(378,"Basil- lettuce leaf","Basil- lettuce leaf  description",26204,5);
insert into Items value(379,"Basil- purple ruffles","Basil- purple ruffles  description",84169,7);
insert into Items value(380,"Basil- lemon","Basil- lemon  description",94704,10);
insert into Items value(381,"Basil- thai sweet","Basil- thai sweet  description",65928,3);
insert into Items value(382,"Basil- opal","Basil- opal  description",78500,6);
insert into Items value(383,"Basswood- leaves","Basswood- leaves  description",43250,7);
insert into Items value(384,"Bean- green bean,","Bean- green bean,  description",42923,1);
insert into Items value(385,"Bean- white bean","Bean- white bean  description",82392,9);
insert into Items value(386,"Bean- pinto bean","Bean- pinto bean  description",11494,8);
insert into Items value(387,"Bean- black bean,","Bean- black bean,  description",84220,6);
insert into Items value(388,"Bean- kidney bean,","Bean- kidney bean,  description",51491,8);
insert into Items value(389,"Bean- red bean,","Bean- red bean,  description",45201,5);
insert into Items value(390,"Bean- navy bean,","Bean- navy bean,  description",48617,3);
insert into Items value(391,"Bean- top crop,","Bean- top crop,  description",79978,6);
insert into Items value(392,"Bean- cantare, ","Bean- cantare,   description",55733,9);
insert into Items value(393,"Bean- royal burgundy,","Bean- royal burgundy,  description",99707,8);
insert into Items value(394,"Bean- galopka, ","Bean- galopka,   description",11872,1);
insert into Items value(395,"Bean- blauhilde, ","Bean- blauhilde,   description",46596,2);
insert into Items value(396,"Bean- tendergreen, ","Bean- tendergreen,   description",41080,8);
insert into Items value(397,"Bean- blue lake pole stringless","Bean- blue lake pole stringless  description",72954,3);
insert into Items value(398,"Bee balm","Bee balm  description",83610,8);
insert into Items value(399,"Beef","Beef  description",14841,10);
insert into Items value(400,"Beets- yellow","Beets- yellow  description",83660,10);
insert into Items value(401,"Beets-, detroit red","Beets-, detroit red  description",82293,10);
insert into Items value(402,"Beets-, bulls blood,","Beets-, bulls blood,  description",47966,8);
insert into Items value(403,"Beets- chioggia,","Beets- chioggia,  description",85053,6);
insert into Items value(404,"Beets- Lutz green leaf,","Beets- Lutz green leaf,  description",64510,7);
insert into Items value(405,"Beets- early wonder,","Beets- early wonder,  description",70340,9);
insert into Items value(406,"Beets- golden detroit, ","Beets- golden detroit,   description",40897,10);
insert into Items value(407,"detroit dark red","detroit dark red  description",73410,8);
insert into Items value(408,"Bilberry","Bilberry  description",80733,7);
insert into Items value(409,"Bitter melon","Bitter melon  description",38991,6);
insert into Items value(410,"Blackberry","Blackberry  description",44334,2);
insert into Items value(411,"Black walnut","Black walnut  description",41998,4);
insert into Items value(412,"Blueberry- Northland","Blueberry- Northland  description",20655,7);
insert into Items value(413,"Blueberry-, Atlanta,","Blueberry-, Atlanta,  description",30994,1);
insert into Items value(414,"Blueberry- Bluetta,","Blueberry- Bluetta,  description",75144,8);
insert into Items value(415,"Blueberry- blue crop,","Blueberry- blue crop,  description",39181,4);
insert into Items value(416,"Blueberry- herbert,","Blueberry- herbert,  description",88213,4);
insert into Items value(417,"Blueberry- blue ray,","Blueberry- blue ray,  description",19334,5);
insert into Items value(418,"Blueberry- jersey,","Blueberry- jersey,  description",17018,4);
insert into Items value(419,"Blueberry- elliot","Blueberry- elliot  description",18473,4);
insert into Items value(420,"Bok choy","Bok choy  description",92565,6);
insert into Items value(421,"Bonefish","Bonefish  description",87826,7);
insert into Items value(422,"Boniato","Boniato  description",77372,10);
insert into Items value(423,"Brazil nut","Brazil nut  description",62794,3);
insert into Items value(424,"Broccoli- waltham,","Broccoli- waltham,  description",64553,6);
insert into Items value(425,"Broccoli- purple sprouting,","Broccoli- purple sprouting,  description",50958,7);
insert into Items value(426,"Broccoli- goliath","Broccoli- goliath  description",46047,1);
insert into Items value(427,"Brussels sprouts","Brussels sprouts  description",23078,7);
insert into Items value(428,"Buckwheat","Buckwheat  description",31843,4);
insert into Items value(429,"Burdock- gobo","Burdock- gobo  description",35417,4);
insert into Items value(430,"Burdock-, takinogawa","Burdock-, takinogawa  description",55934,8);
insert into Items value(431,"Butternut","Butternut  description",89084,5);
insert into Items value(432,"Butternut squash- waltham,","Butternut squash- waltham,  description",29582,8);
insert into Items value(433,"Butternut squash- rogosa violina gioia","Butternut squash- rogosa violina gioia  description",86457,8);
insert into Items value(434,"Cabbage- red,","Cabbage- red,  description",41530,10);
insert into Items value(435,"Cabbage-  danish ballhead,","Cabbage-  danish ballhead,  description",28500,1);
insert into Items value(436,"Cabbage-  greyhound, ","Cabbage-  greyhound,   description",69228,10);
insert into Items value(437,"Cabbage- kalibos,","Cabbage- kalibos,  description",68956,4);
insert into Items value(438,"Cabbage-  early jersey wakefield","Cabbage-  early jersey wakefield  description",50189,10);
insert into Items value(439,"Cabbage- , glory of enkhuizen, ","Cabbage- , glory of enkhuizen,   description",88571,6);
insert into Items value(440,"Cabbage- brunswick","Cabbage- brunswick  description",31763,1);
insert into Items value(441,"Calabash gourd","Calabash gourd  description",54674,5);
insert into Items value(442,"Canola","Canola  description",12083,7);
insert into Items value(443,"Cantaloupe","Cantaloupe  description",23954,9);
insert into Items value(444,"Cardamom- black","Cardamom- black  description",60022,6);
insert into Items value(445,"Carob","Carob  description",27044,6);
insert into Items value(446,"Carrots- orange,","Carrots- orange,  description",53128,9);
insert into Items value(447,"Carrots-  purple,","Carrots-  purple,  description",71414,6);
insert into Items value(448,"Carrots-  yellow,","Carrots-  yellow,  description",43382,4);
insert into Items value(449,"Carrots-  white,","Carrots-  white,  description",20467,2);
insert into Items value(450,"Carrots-  cosmic purple,","Carrots-  cosmic purple,  description",13160,1);
insert into Items value(451,"Carrots-  danvers half long,","Carrots-  danvers half long,  description",94839,6);
insert into Items value(452,"Carrots-  purple dragon","Carrots-  purple dragon  description",49881,7);
insert into Items value(453,"Cashew","Cashew  description",65722,6);
insert into Items value(454,"Cattail roots and shoots","Cattail roots and shoots  description",11664,2);
insert into Items value(455,"Cauliflower","Cauliflower  description",39399,3);
insert into Items value(456,"Cayenne pepper","Cayenne pepper  description",87298,2);
insert into Items value(457,"Celeriac- diamant,","Celeriac- diamant,  description",20031,4);
insert into Items value(458,"Celeriac- giant praque","Celeriac- giant praque  description",15949,4);
insert into Items value(459,"Celery- utah tall,","Celery- utah tall,  description",72582,10);
insert into Items value(460,"Celery- tendercrisp","Celery- tendercrisp  description",44678,8);
insert into Items value(461,"Jerusalem artichoke","Jerusalem artichoke  description",17364,4);
insert into Items value(462,"Jicama","Jicama  description",37540,2);
insert into Items value(463,"Kale- red,","Kale- red,  description",95410,9);
insert into Items value(464,"Kale-  lacinato, ","Kale-  lacinato,   description",74078,7);
insert into Items value(465,"Kale- green,","Kale- green,  description",56546,5);
insert into Items value(466,"Kale-  jagallo,","Kale-  jagallo,  description",64199,5);
insert into Items value(467,"Kale-  scarlet,","Kale-  scarlet,  description",49729,3);
insert into Items value(468,"Kale-  dwarf siberian,","Kale-  dwarf siberian,  description",64686,8);
insert into Items value(469,"Kale-  black magic","Kale-  black magic  description",62482,4);
insert into Items value(470,"Kelp","Kelp  description",29769,6);
insert into Items value(471,"Kiwano melon","Kiwano melon  description",81976,8);
insert into Items value(472,"Kiwi","Kiwi  description",28634,9);
insert into Items value(473,"Kohlrabi- green,","Kohlrabi- green,  description",62907,1);
insert into Items value(474,"Kohlrabi- purple","Kohlrabi- purple  description",16041,8);
insert into Items value(475,"Kombucha","Kombucha  description",12455,8);
insert into Items value(476,"Lambsquarters","Lambsquarters  description",85880,4);
insert into Items value(477,"Lavender- white english,","Lavender- white english,  description",39217,8);
insert into Items value(478,"Lavender- purple english,","Lavender- purple english,  description",11571,9);
insert into Items value(479,"Lavender- lady","Lavender- lady  description",36826,9);
insert into Items value(480,"Leeks- carentan, giant musselburgh, paris","Leeks- carentan, giant musselburgh, paris  description",86633,2);
insert into Items value(481,"Lemon- Meyer","Lemon- Meyer  description",88569,4);
insert into Items value(482,"Lemon balm","Lemon balm  description",80946,3);
insert into Items value(483,"Lemon grass","Lemon grass  description",14671,5);
insert into Items value(484,"Lemon verbena","Lemon verbena  description",88752,3);
insert into Items value(485,"Lentils- red split lentils,","Lentils- red split lentils,  description",11535,9);
insert into Items value(486,"Lentils- black beluga lentils","Lentils- black beluga lentils  description",11582,7);
insert into Items value(487,"Lettuce- butter,","Lettuce- butter,  description",15405,2);
insert into Items value(488,"Lettuce- green leaf,","Lettuce- green leaf,  description",42080,10);
insert into Items value(489,"Lettuce- oak leaf,","Lettuce- oak leaf,  description",90514,5);
insert into Items value(490,"Lettuce- red leaf, ","Lettuce- red leaf,   description",39999,8);
insert into Items value(491,"Lettuce-romaine,","Lettuce-romaine,  description",58234,9);
insert into Items value(492,"Lettuce- red sails,","Lettuce- red sails,  description",81059,1);
insert into Items value(493,"Lettuce- iceberg,","Lettuce- iceberg,  description",49241,10);
insert into Items value(494,"Lettuce- black seeded simpson,","Lettuce- black seeded simpson,  description",35079,10);
insert into Items value(495,"Lettuce- little gem, rouge dhiver,","Lettuce- little gem, rouge dhiver,  description",78265,4);
insert into Items value(496,"Lettuce- green ice,","Lettuce- green ice,  description",24668,3);
insert into Items value(497,"Lettuce- bronze beauty,","Lettuce- bronze beauty,  description",50916,2);
insert into Items value(498,"Lettuce- paris island cos,","Lettuce- paris island cos,  description",93264,5);
insert into Items value(499,"Lettuce- gentilina,","Lettuce- gentilina,  description",46566,5);
insert into Items value(500,"Lettuce- red velvet","Lettuce- red velvet  description",73976,4);
insert into Items value(501,"Lettuce-, devils ear,","Lettuce-, devils ear,  description",67462,8);
insert into Items value(502,"Lettuce- baby oakleaf,","Lettuce- baby oakleaf,  description",73850,2);
insert into Items value(503,"Lettuce- red romaine,","Lettuce- red romaine,  description",30265,10);
insert into Items value(504,"Licorice root","Licorice root  description",94825,6);
insert into Items value(505,"Lilac- light purple","Lilac- light purple  description",68477,4);
insert into Items value(506,"Lime","Lime  description",99822,9);
insert into Items value(507,"Lions mane mushrooms","Lions mane mushrooms  description",84861,8);
insert into Items value(508,"Longan Berries","Longan Berries  description",15703,8);
insert into Items value(509,"Lotus","Lotus  description",45689,9);
insert into Items value(510,"Lychee","Lychee  description",32709,5);
insert into Items value(511,"Mache- dutch corn salad","Mache- dutch corn salad  description",46724,9);
insert into Items value(512,"Maitake mushrooms","Maitake mushrooms  description",98492,6);
insert into Items value(513,"Malabar spinach (moi toi)","Malabar spinach (moi toi)  description",37016,9);
insert into Items value(514,"Malanga- lila, eddoe, edo","Malanga- lila, eddoe, edo  description",73703,2);
insert into Items value(515,"Mandarin- satsuma,","Mandarin- satsuma,  description",98884,1);
insert into Items value(516,"Mandarin- california mandarins","Mandarin- california mandarins  description",30466,10);
insert into Items value(517,"Mango- atalufo,","Mango- atalufo,  description",87751,10);
insert into Items value(518,"Mango- kent,","Mango- kent,  description",69254,10);
insert into Items value(519,"Mango- tommy","Mango- tommy  description",77613,4);
insert into Items value(520,"Mangosteen","Mangosteen  description",49444,9);
insert into Items value(521,"Maple (syrup)","Maple (syrup)  description",57614,4);
insert into Items value(522,"Maradol papaya- caribbean","Maradol papaya- caribbean  description",29088,1);
insert into Items value(523,"Maradol papaya- red","Maradol papaya- red  description",58697,3);
insert into Items value(524,"Millet","Millet  description",92466,10);
insert into Items value(525,"Mint- orange mint,","Mint- orange mint,  description",19027,9);
insert into Items value(526,"Mizuna- purple streaks,","Mizuna- purple streaks,  description",45347,6);
insert into Items value(527,"Mizuna- green streaks,","Mizuna- green streaks,  description",67341,10);
insert into Items value(528,"Mizuna- red streaked","Mizuna- red streaked  description",43105,8);
insert into Items value(529,"Monarda","Monarda  description",33037,8);
insert into Items value(530,"Mo qua- winter melon","Mo qua- winter melon  description",49335,4);
insert into Items value(531,"Morel mushroom- blacks,","Morel mushroom- blacks,  description",84446,8);
insert into Items value(532,"Morel mushroom- whites","Morel mushroom- whites  description",19222,6);
insert into Items value(533,"Mustard- seed,","Mustard- seed,  description",29759,4);
insert into Items value(534,"Mustard- small wild mustard,","Mustard- small wild mustard,  description",49565,3);
insert into Items value(535,"Mustard- hoary alyssum mustard,","Mustard- hoary alyssum mustard,  description",69465,5);
insert into Items value(536,"Mustard- red giant","Mustard- red giant  description",83093,2);
insert into Items value(537,"Name yam","Name yam  description",96662,8);
insert into Items value(538,"Nasturtium","Nasturtium  description",17522,6);
insert into Items value(539,"Nira (garlic chives)","Nira (garlic chives)  description",79989,10);
insert into Items value(540,"Nectarine- white","Nectarine- white  description",55713,7);
insert into Items value(541,"Nettle","Nettle  description",13752,1);
insert into Items value(542,"Noni","Noni  description",62374,7);
insert into Items value(543,"Nori seaweed","Nori seaweed  description",39250,8);
insert into Items value(544,"Nutmeg","Nutmeg  description",85572,5);
insert into Items value(545,"Nutritional yeast","Nutritional yeast  description",83821,2);
insert into Items value(546,"Oats","Oats  description",24561,1);
insert into Items value(547,"Octopus","Octopus  description",26199,9);
insert into Items value(548,"Okra- burgundy,","Okra- burgundy,  description",67436,7);
insert into Items value(549,"Okra- burmese","Okra- burmese  description",67512,6);
insert into Items value(550,"Olive- black,","Olive- black,  description",50938,5);
insert into Items value(551,"Olive- kalamata","Olive- kalamata  description",78252,10);
insert into Items value(552,"Onion- green onion,","Onion- green onion,  description",31882,10);
insert into Items value(553,"Onion- yellow onion,","Onion- yellow onion,  description",24696,4);
insert into Items value(554,"Onion- red,","Onion- red,  description",96345,6);
insert into Items value(555,"Onion- borrettana,","Onion- borrettana,  description",15602,4);
insert into Items value(556,"Onion- red welsh,","Onion- red welsh,  description",54268,2);
insert into Items value(557,"Onion- tropeana lunga","Onion- tropeana lunga  description",94246,4);
insert into Items value(558,"Orange- navel,","Orange- navel,  description",51548,3);
insert into Items value(559,"Orange- valencia,","Orange- valencia,  description",43479,9);
insert into Items value(560,"Orange- blood,","Orange- blood,  description",42966,3);
insert into Items value(561,"Orange- cara cara","Orange- cara cara  description",56060,2);
insert into Items value(562,"Oregano","Oregano  description",42242,7);
insert into Items value(563,"Oyster mushroom- yellow","Oyster mushroom- yellow  description",31948,1);
insert into Items value(564,"Oyster mushroom-, blue","Oyster mushroom-, blue  description",56173,8);
insert into Items value(565,"Pak choy","Pak choy  description",39533,8);
insert into Items value(566,"Panax ginseng","Panax ginseng  description",68447,4);
insert into Items value(567,"Parsley- italian flat leaf,","Parsley- italian flat leaf,  description",36457,5);
insert into Items value(568,"Parsley- curly leaf,","Parsley- curly leaf,  description",13927,10);
insert into Items value(569,"Parsley- root","Parsley- root  description",86678,7);
insert into Items value(570,"Parsnips- hollow crown","Parsnips- hollow crown  description",50450,1);
insert into Items value(571,"Peaches","Peaches  description",31197,7);
insert into Items value(572,"Peanuts","Peanuts  description",33321,7);
insert into Items value(573,"Pear- green anjou,","Pear- green anjou,  description",35003,1);
insert into Items value(574,"Pear- red anjou,","Pear- red anjou,  description",50590,3);
insert into Items value(575,"Pear- bartlett,","Pear- bartlett,  description",42009,4);
insert into Items value(576,"Pear- bosc","Pear- bosc  description",82326,4);
insert into Items value(577,"Peas- green,","Peas- green,  description",58522,9);
insert into Items value(578,"Peas- yellow,","Peas- yellow,  description",98639,2);
insert into Items value(579,"Peas- sugar snap,","Peas- sugar snap,  description",58855,8);
insert into Items value(580,"Peas- cascadia snow pea,","Peas- cascadia snow pea,  description",79768,1);
insert into Items value(581,"Peas- avalanche snow pea","Peas- avalanche snow pea  description",23042,2);
insert into Items value(582,"Pecan","Pecan  description",17529,4);
insert into Items value(583,"Pepino melon","Pepino melon  description",80672,2);
insert into Items value(584,"Pepper (black)","Pepper (black)  description",90552,10);
insert into Items value(585,"Peppermint","Peppermint  description",89720,6);
insert into Items value(586,"Persimmon- hachiya","Persimmon- hachiya  description",11962,9);
insert into Items value(587,"Pineapple","Pineapple  description",66177,10);
insert into Items value(588,"Pizza","Pizza Description",96877,10);

insert into Prices value(200,'2017-8-24 16:03:58.23',0.46,300,2);
insert into Prices value(201,'2018-10-15 00:21:56.30',2.67,301,7);
insert into Prices value(202,'2018-11-18 06:08:05.65',4.28,302,4);
insert into Prices value(203,'2019-12-10 15:57:22.81',12.86,303,9);
insert into Prices value(204,'2019-7-12 08:02:48.40',1.4,304,9);
insert into Prices value(205,'2018-6-8 08:31:51.89',15.73,305,9);
insert into Prices value(206,'2018-3-11 11:34:49.60',15.94,306,3);
insert into Prices value(207,'2018-12-10 21:42:48.25',12.17,307,10);
insert into Prices value(208,'2018-8-11 20:33:47.68',1.39,308,5);
insert into Prices value(209,'2018-1-17 08:43:22.40',1.1,309,2);
insert into Prices value(210,'2017-11-2 15:39:14.43',6.9,310,9);
insert into Prices value(211,'2017-2-7 23:50:28.84',15.37,311,2);
insert into Prices value(212,'2019-7-24 14:24:02.22',10.84,312,10);
insert into Prices value(213,'2017-9-21 04:30:32.70',0.16,313,7);
insert into Prices value(214,'2017-8-3 20:17:43.73',6.57,314,4);
insert into Prices value(215,'2018-9-1 11:54:52.59',2.27,315,8);
insert into Prices value(216,'2018-9-11 22:29:37.19',8.95,316,7);
insert into Prices value(217,'2017-9-15 07:09:31.63',12.5,317,7);
insert into Prices value(218,'2018-1-10 14:33:50.34',6.55,318,7);
insert into Prices value(219,'2018-1-28 10:25:11.46',9.3,319,1);
insert into Prices value(220,'2019-3-9 11:47:38.60',9.67,320,5);
insert into Prices value(221,'2019-4-23 12:40:38.36',3.87,321,8);
insert into Prices value(222,'2017-8-21 16:15:00.27',4.43,322,2);
insert into Prices value(223,'2019-2-16 17:49:01.58',9.50,323,6);
insert into Prices value(224,'2019-9-15 01:46:02.95',10.69,324,10);
insert into Prices value(225,'2019-2-2 14:18:30.62',9.65,325,6);
insert into Prices value(226,'2018-3-15 21:57:46.24',1.50,326,8);
insert into Prices value(227,'2019-6-11 17:37:53.40',6.46,327,2);
insert into Prices value(228,'2019-10-26 13:01:40.77',10.94,328,6);
insert into Prices value(229,'2019-7-26 18:59:32.10',7.65,329,7);
insert into Prices value(230,'2019-4-5 10:12:52.92',11.84,330,3);
insert into Prices value(231,'2017-10-13 09:14:57.99',0.61,331,8);
insert into Prices value(232,'2019-7-4 16:31:53.49',14.79,332,7);
insert into Prices value(233,'2019-9-24 17:03:07.95',9.27,333,5);
insert into Prices value(234,'2017-4-20 04:16:47.59',9.36,334,6);
insert into Prices value(235,'2017-12-3 17:32:03.79',1.0,335,1);
insert into Prices value(236,'2017-12-24 05:43:44.32',7.94,336,5);
insert into Prices value(237,'2019-6-20 03:01:04.73',4.41,337,4);
insert into Prices value(238,'2017-10-2 04:43:22.27',7.53,338,9);
insert into Prices value(239,'2018-9-10 13:49:31.13',8.69,339,2);
insert into Prices value(240,'2017-1-20 04:17:00.37',13.46,340,5);
insert into Prices value(241,'2018-4-15 12:11:06.40',6.70,341,4);
insert into Prices value(242,'2017-1-19 08:05:36.32',11.88,342,7);
insert into Prices value(243,'2018-7-14 00:41:17.79',6.54,343,4);
insert into Prices value(244,'2017-12-19 16:14:33.54',12.48,344,7);
insert into Prices value(245,'2017-10-11 16:22:23.60',0.46,345,10);
insert into Prices value(246,'2019-1-3 01:01:15.30',4.89,346,1);
insert into Prices value(247,'2017-12-8 07:58:56.28',14.11,347,1);
insert into Prices value(248,'2017-9-12 12:12:50.59',6.75,348,3);
insert into Prices value(249,'2017-3-3 10:37:28.38',15.72,349,3);
insert into Prices value(250,'2017-1-16 21:09:16.73',11.20,350,4);
insert into Prices value(251,'2019-7-8 05:45:21.17',1.25,351,10);
insert into Prices value(252,'2018-3-24 09:54:11.50',15.70,352,9);
insert into Prices value(253,'2018-9-21 05:20:57.64',3.56,353,3);
insert into Prices value(254,'2018-5-14 20:30:38.92',2.27,354,10);
insert into Prices value(255,'2017-10-27 18:33:33.47',10.49,355,1);
insert into Prices value(256,'2019-9-26 04:12:41.64',0.72,356,9);
insert into Prices value(257,'2019-10-19 08:03:25.12',5.35,357,10);
insert into Prices value(258,'2017-9-14 23:24:24.32',7.42,358,3);
insert into Prices value(259,'2017-9-13 15:56:59.51',0.56,359,2);
insert into Prices value(260,'2017-11-15 15:01:25.18',6.69,360,10);
insert into Prices value(261,'2019-11-18 03:15:38.42',1.46,361,8);
insert into Prices value(262,'2019-5-27 20:16:12.80',2.28,362,6);
insert into Prices value(263,'2018-1-4 16:02:27.23',9.15,363,4);
insert into Prices value(264,'2019-1-4 06:37:51.27',6.42,364,9);
insert into Prices value(265,'2018-7-10 03:36:42.56',13.42,365,1);
insert into Prices value(266,'2018-12-8 12:43:05.23',12.12,366,1);
insert into Prices value(267,'2017-10-1 14:18:50.28',7.39,367,6);
insert into Prices value(268,'2019-4-20 13:18:06.56',11.52,368,10);
insert into Prices value(269,'2017-9-16 17:48:36.18',15.77,369,5);
insert into Prices value(270,'2018-3-11 14:52:21.40',2.67,370,6);
insert into Prices value(271,'2018-7-16 13:25:16.56',0.44,371,2);
insert into Prices value(272,'2018-5-2 01:08:38.82',4.1,372,8);
insert into Prices value(273,'2017-5-16 21:47:43.46',7.50,373,10);
insert into Prices value(274,'2018-2-12 21:17:32.34',10.79,374,1);
insert into Prices value(275,'2019-8-2 13:39:53.21',6.0,375,5);
insert into Prices value(276,'2018-11-2 00:15:13.70',13.72,376,8);
insert into Prices value(277,'2017-2-7 03:23:36.32',14.16,377,8);
insert into Prices value(278,'2018-2-13 08:17:36.53',10.17,378,5);
insert into Prices value(279,'2017-8-7 22:19:27.26',5.54,379,7);
insert into Prices value(280,'2019-9-20 21:18:19.30',9.7,380,10);
insert into Prices value(281,'2019-6-23 23:32:13.48',14.7,381,3);
insert into Prices value(282,'2017-3-27 20:25:15.96',14.36,382,6);
insert into Prices value(283,'2018-6-23 00:51:51.76',15.55,383,7);
insert into Prices value(284,'2018-7-23 08:59:50.31',4.86,384,1);
insert into Prices value(285,'2017-7-6 12:46:53.36',5.2,385,9);
insert into Prices value(286,'2019-6-1 12:52:13.54',13.12,386,8);
insert into Prices value(287,'2018-7-20 15:23:48.64',4.82,387,6);
insert into Prices value(288,'2018-7-25 23:07:21.20',6.64,388,8);
insert into Prices value(289,'2018-8-15 04:15:16.55',13.48,389,5);
insert into Prices value(290,'2017-8-11 05:01:13.89',15.90,390,3);
insert into Prices value(291,'2019-7-12 11:29:13.36',9.78,391,6);
insert into Prices value(292,'2018-5-13 02:35:57.83',7.72,392,9);
insert into Prices value(293,'2017-10-22 15:33:51.37',7.37,393,8);
insert into Prices value(294,'2018-8-7 21:47:54.59',15.14,394,1);
insert into Prices value(295,'2017-8-11 01:36:41.13',8.96,395,2);
insert into Prices value(296,'2018-3-18 06:58:33.34',5.33,396,8);
insert into Prices value(297,'2018-11-20 22:51:41.48',0.95,397,3);
insert into Prices value(298,'2018-3-19 13:28:36.26',9.39,398,8);
insert into Prices value(299,'2017-12-21 12:28:24.63',13.87,399,10);
insert into Prices value(300,'2017-9-11 11:53:55.27',15.32,400,10);
insert into Prices value(301,'2018-5-22 19:59:18.64',12.34,401,10);
insert into Prices value(302,'2017-4-14 17:18:00.88',10.27,402,8);
insert into Prices value(303,'2018-4-22 02:38:25.67',9.32,403,6);
insert into Prices value(304,'2017-10-6 22:28:43.94',15.32,404,7);
insert into Prices value(305,'2018-1-3 01:11:45.29',11.9,405,9);
insert into Prices value(306,'2018-6-8 12:52:04.80',5.66,406,10);
insert into Prices value(307,'2017-1-13 05:24:42.86',3.14,407,8);
insert into Prices value(308,'2017-2-22 00:09:08.33',9.56,408,7);
insert into Prices value(309,'2019-10-1 00:47:24.39',1.89,409,6);
insert into Prices value(310,'2019-3-17 21:26:54.84',3.74,410,2);
insert into Prices value(311,'2019-2-8 03:30:14.58',14.28,411,4);
insert into Prices value(312,'2017-5-12 06:14:34.12',4.82,412,7);
insert into Prices value(313,'2019-12-18 00:53:52.94',2.87,413,1);
insert into Prices value(314,'2017-8-13 18:19:06.39',14.1,414,8);
insert into Prices value(315,'2017-11-10 16:30:25.73',7.43,415,4);
insert into Prices value(316,'2018-4-27 20:08:53.75',4.87,416,4);
insert into Prices value(317,'2019-1-3 00:39:13.33',15.42,417,5);
insert into Prices value(318,'2017-6-3 11:59:51.13',0.26,418,4);
insert into Prices value(319,'2019-8-2 18:45:49.39',0.10,419,4);
insert into Prices value(320,'2018-1-16 03:01:12.79',6.98,420,6);
insert into Prices value(321,'2018-11-27 08:58:37.39',14.52,421,7);
insert into Prices value(322,'2017-2-18 18:12:44.69',1.17,422,10);
insert into Prices value(323,'2017-1-21 10:58:11.95',6.44,423,3);
insert into Prices value(324,'2019-8-4 22:37:56.41',14.59,424,6);
insert into Prices value(325,'2017-7-25 18:27:56.17',9.93,425,7);
insert into Prices value(326,'2018-3-3 14:44:33.63',4.51,426,1);
insert into Prices value(327,'2017-5-6 11:14:30.64',12.57,427,7);
insert into Prices value(328,'2019-4-13 19:16:14.15',5.39,428,4);
insert into Prices value(329,'2018-9-25 12:33:29.51',9.77,429,4);
insert into Prices value(330,'2018-7-4 09:27:49.63',2.21,430,8);
insert into Prices value(331,'2017-8-8 08:43:07.89',6.0,431,5);
insert into Prices value(332,'2019-3-21 02:41:45.19',4.85,432,8);
insert into Prices value(333,'2018-3-21 11:58:46.71',1.40,433,8);
insert into Prices value(334,'2019-5-10 06:25:05.75',15.47,434,10);
insert into Prices value(335,'2019-11-19 14:13:50.52',9.75,435,1);
insert into Prices value(336,'2017-11-5 15:55:24.55',4.46,436,10);
insert into Prices value(337,'2018-6-20 06:50:21.32',10.8,437,4);
insert into Prices value(338,'2017-9-5 20:59:08.36',5.17,438,10);
insert into Prices value(339,'2018-10-8 20:07:38.16',14.68,439,6);
insert into Prices value(340,'2019-2-5 11:39:37.52',10.77,440,1);
insert into Prices value(341,'2017-12-2 19:47:31.34',1.33,441,5);
insert into Prices value(342,'2018-12-11 23:54:10.45',11.11,442,7);
insert into Prices value(343,'2017-12-4 07:29:19.44',1.54,443,9);
insert into Prices value(344,'2018-3-7 12:34:26.97',7.49,444,6);
insert into Prices value(345,'2018-6-5 02:46:41.95',5.29,445,6);
insert into Prices value(346,'2017-4-21 12:35:14.41',6.76,446,9);
insert into Prices value(347,'2019-11-7 15:19:30.72',0.63,447,6);
insert into Prices value(348,'2019-10-19 21:14:17.91',15.97,448,4);
insert into Prices value(349,'2018-3-3 14:06:52.47',1.30,449,2);
insert into Prices value(350,'2018-6-2 11:02:09.76',3.99,450,1);
insert into Prices value(351,'2017-11-18 13:09:51.32',1.73,451,6);
insert into Prices value(352,'2017-9-26 16:15:43.86',2.68,452,7);
insert into Prices value(353,'2017-3-4 14:59:38.64',0.7,453,6);
insert into Prices value(354,'2018-8-1 18:55:58.94',9.95,454,2);
insert into Prices value(355,'2017-11-8 08:25:42.36',15.97,455,3);
insert into Prices value(356,'2018-12-12 17:22:17.48',4.53,456,2);
insert into Prices value(357,'2017-12-12 06:49:12.87',0.73,457,4);
insert into Prices value(358,'2018-9-21 18:37:10.16',13.75,458,4);
insert into Prices value(359,'2018-4-15 01:47:00.40',7.11,459,10);
insert into Prices value(360,'2017-2-15 04:03:58.90',8.78,460,8);
insert into Prices value(361,'2019-1-25 13:48:25.76',0.17,461,4);
insert into Prices value(362,'2018-3-27 10:46:18.85',0.86,462,2);
insert into Prices value(363,'2019-11-6 01:20:13.76',6.97,463,9);
insert into Prices value(364,'2017-10-14 16:29:36.40',7.31,464,7);
insert into Prices value(365,'2018-3-4 05:36:54.97',13.42,465,5);
insert into Prices value(366,'2019-7-8 04:11:21.84',7.12,466,5);
insert into Prices value(367,'2018-11-23 02:13:51.30',2.31,467,3);
insert into Prices value(368,'2019-10-26 23:51:04.92',11.49,468,8);
insert into Prices value(369,'2017-10-11 08:41:26.91',4.88,469,4);
insert into Prices value(370,'2018-10-15 17:00:05.73',5.13,470,6);
insert into Prices value(371,'2019-7-17 13:38:00.55',2.1,471,8);
insert into Prices value(372,'2019-6-28 07:30:07.50',1.22,472,9);
insert into Prices value(373,'2017-11-13 05:08:27.60',11.51,473,1);
insert into Prices value(374,'2019-12-26 04:43:58.88',2.27,474,8);
insert into Prices value(375,'2017-9-18 14:54:40.43',14.69,475,8);
insert into Prices value(376,'2019-3-11 18:04:02.36',5.51,476,4);
insert into Prices value(377,'2017-9-26 06:17:23.74',8.58,477,8);
insert into Prices value(378,'2019-11-7 05:18:50.24',10.42,478,9);
insert into Prices value(379,'2019-3-27 15:24:18.66',7.45,479,9);
insert into Prices value(380,'2017-5-14 22:51:06.70',15.33,480,2);
insert into Prices value(381,'2019-1-13 08:22:01.11',12.52,481,4);
insert into Prices value(382,'2019-5-23 03:02:36.62',1.23,482,3);
insert into Prices value(383,'2019-5-5 01:10:22.18',2.13,483,5);
insert into Prices value(384,'2018-12-21 21:11:37.89',3.82,484,3);
insert into Prices value(385,'2017-8-15 07:56:03.55',6.71,485,9);
insert into Prices value(386,'2018-3-17 01:42:56.41',15.62,486,7);
insert into Prices value(387,'2017-1-5 14:18:19.68',10.9,487,2);
insert into Prices value(388,'2017-7-11 02:48:23.91',6.52,488,10);
insert into Prices value(389,'2017-8-26 02:24:44.61',3.65,489,5);
insert into Prices value(390,'2018-5-13 15:05:47.53',11.99,490,8);
insert into Prices value(391,'2017-4-10 17:39:33.28',8.14,491,9);
insert into Prices value(392,'2019-10-23 03:19:03.57',6.32,492,1);
insert into Prices value(393,'2017-6-25 15:17:08.58',9.47,493,10);
insert into Prices value(394,'2017-7-27 18:31:34.35',4.24,494,10);
insert into Prices value(395,'2019-11-1 12:01:20.00',12.85,495,4);
insert into Prices value(396,'2019-10-11 16:58:20.47',4.42,496,3);
insert into Prices value(397,'2018-1-10 14:35:29.53',3.52,497,2);
insert into Prices value(398,'2017-1-25 03:10:37.92',8.67,498,5);
insert into Prices value(399,'2019-5-6 09:12:01.68',3.49,499,5);
insert into Prices value(400,'2019-8-15 04:56:40.67',8.95,500,4);
insert into Prices value(401,'2017-11-5 04:38:20.81',5.49,501,8);
insert into Prices value(402,'2017-8-13 17:40:25.83',13.27,502,2);
insert into Prices value(403,'2018-1-5 19:07:04.53',7.46,503,10);
insert into Prices value(404,'2018-1-11 21:33:14.70',2.94,504,6);
insert into Prices value(405,'2017-6-13 09:24:26.80',5.97,505,4);
insert into Prices value(406,'2018-6-26 03:49:15.87',7.39,506,9);
insert into Prices value(407,'2019-10-23 04:02:11.33',12.26,507,8);
insert into Prices value(408,'2017-7-9 22:09:29.73',10.34,508,8);
insert into Prices value(409,'2019-9-9 06:22:29.22',13.78,509,9);
insert into Prices value(410,'2017-9-9 10:52:09.11',11.37,510,5);
insert into Prices value(411,'2018-4-14 04:05:15.40',14.15,511,9);
insert into Prices value(412,'2018-6-24 05:50:49.48',12.98,512,6);
insert into Prices value(413,'2017-4-23 13:37:51.85',1.45,513,9);
insert into Prices value(414,'2019-8-26 01:53:19.95',3.92,514,2);
insert into Prices value(415,'2017-3-14 06:40:51.11',5.35,515,1);
insert into Prices value(416,'2019-5-28 09:22:59.29',6.84,516,10);
insert into Prices value(417,'2019-5-4 16:49:41.70',8.42,517,10);
insert into Prices value(418,'2018-7-8 01:21:51.60',10.93,518,10);
insert into Prices value(419,'2018-6-19 22:18:08.81',4.67,519,4);
insert into Prices value(420,'2017-6-25 10:30:51.90',7.80,520,9);
insert into Prices value(421,'2018-11-6 15:00:46.36',4.1,521,4);
insert into Prices value(422,'2017-2-26 22:35:30.74',8.65,522,1);
insert into Prices value(423,'2018-8-10 03:08:54.97',14.48,523,3);
insert into Prices value(424,'2018-2-23 02:52:01.52',5.81,524,10);
insert into Prices value(425,'2019-6-22 17:04:21.72',8.44,525,9);
insert into Prices value(426,'2018-10-13 16:42:01.91',10.24,526,6);
insert into Prices value(427,'2018-1-8 17:40:07.97',0.86,527,10);
insert into Prices value(428,'2018-6-20 03:04:23.85',7.18,528,8);
insert into Prices value(429,'2018-8-25 02:01:56.75',11.59,529,8);
insert into Prices value(430,'2018-5-20 15:16:17.73',0.54,530,4);
insert into Prices value(431,'2019-12-28 20:14:39.17',5.32,531,8);
insert into Prices value(432,'2018-5-3 00:28:04.13',11.3,532,6);
insert into Prices value(433,'2017-4-6 13:16:59.12',5.24,533,4);
insert into Prices value(434,'2017-6-12 12:02:40.11',12.30,534,3);
insert into Prices value(435,'2018-10-11 04:29:46.76',2.80,535,5);
insert into Prices value(436,'2018-3-1 09:27:35.73',6.37,536,2);
insert into Prices value(437,'2017-10-27 01:59:24.16',2.64,537,8);
insert into Prices value(438,'2018-3-19 19:11:27.87',11.13,538,6);
insert into Prices value(439,'2017-2-5 04:31:59.15',9.31,539,10);
insert into Prices value(440,'2018-5-23 22:24:28.39',3.51,540,7);
insert into Prices value(441,'2018-3-26 07:11:50.56',13.82,541,1);
insert into Prices value(442,'2018-7-4 06:59:40.50',7.68,542,7);
insert into Prices value(443,'2017-8-1 03:41:37.66',10.5,543,8);
insert into Prices value(444,'2017-1-13 04:02:10.37',13.29,544,5);
insert into Prices value(445,'2018-6-1 09:31:57.51',5.31,545,2);
insert into Prices value(446,'2017-9-9 00:25:36.91',1.43,546,1);
insert into Prices value(447,'2017-11-13 11:07:08.17',0.43,547,9);
insert into Prices value(448,'2017-8-28 16:11:26.84',9.34,548,7);
insert into Prices value(449,'2017-12-27 03:39:20.26',12.88,549,6);
insert into Prices value(450,'2019-7-17 11:05:02.77',5.97,550,5);
insert into Prices value(451,'2019-4-21 19:43:49.23',10.96,551,10);
insert into Prices value(452,'2017-11-20 02:37:32.74',7.17,552,10);
insert into Prices value(453,'2018-1-7 21:38:51.24',14.36,553,4);
insert into Prices value(454,'2019-6-15 09:07:11.82',9.35,554,6);
insert into Prices value(455,'2017-12-4 07:36:34.11',5.81,555,4);
insert into Prices value(456,'2017-4-21 11:36:06.15',3.16,556,2);
insert into Prices value(457,'2019-5-5 02:30:23.85',0.11,557,4);
insert into Prices value(458,'2019-11-28 17:25:03.92',0.91,558,3);
insert into Prices value(459,'2018-1-4 09:41:32.81',2.29,559,9);
insert into Prices value(460,'2019-1-22 16:27:07.44',14.15,560,3);
insert into Prices value(461,'2018-5-18 08:18:05.82',11.84,561,2);
insert into Prices value(462,'2018-1-14 10:05:59.65',12.35,562,7);
insert into Prices value(463,'2019-12-9 03:43:56.46',12.30,563,1);
insert into Prices value(464,'2018-12-24 22:31:11.45',2.20,564,8);
insert into Prices value(465,'2017-6-17 04:16:24.16',0.29,565,8);
insert into Prices value(466,'2019-12-18 06:39:35.99',12.2,566,4);
insert into Prices value(467,'2019-5-18 06:59:37.93',15.92,567,5);
insert into Prices value(468,'2017-9-1 14:31:18.56',6.41,568,10);
insert into Prices value(469,'2017-10-6 12:17:42.46',11.77,569,7);
insert into Prices value(470,'2018-1-15 09:42:49.30',11.28,570,1);
insert into Prices value(471,'2018-6-3 04:52:59.74',1.24,571,7);
insert into Prices value(472,'2019-2-2 17:31:08.53',12.93,572,7);
insert into Prices value(473,'2018-4-18 22:02:04.93',0.73,573,1);
insert into Prices value(474,'2017-12-26 12:26:23.63',11.36,574,3);
insert into Prices value(475,'2019-10-14 06:25:46.32',12.9,575,4);
insert into Prices value(476,'2018-8-18 17:13:04.90',14.24,576,4);
insert into Prices value(477,'2017-9-17 17:55:15.61',6.42,577,9);
insert into Prices value(478,'2017-2-7 01:23:41.23',0.44,578,2);
insert into Prices value(479,'2018-5-18 08:16:12.92',8.99,579,8);
insert into Prices value(480,'2018-5-20 00:50:58.31',11.36,580,1);
insert into Prices value(481,'2017-6-19 12:24:59.27',1.69,581,2);
insert into Prices value(482,'2017-2-9 22:58:51.26',3.27,582,4);
insert into Prices value(483,'2017-4-13 00:48:27.23',1.0,583,2);
insert into Prices value(484,'2018-8-28 21:09:16.90',5.67,584,10);
insert into Prices value(485,'2018-2-8 01:04:56.78',1.47,585,6);
insert into Prices value(486,'2017-12-2 08:07:36.49',11.17,586,9);
insert into Prices value(487,'2019-1-28 05:22:29.56',5.74,587,10);
insert into Prices value(488,'2019-7-21 13:07:07.99',7.53,588,10);

